timestamp,symbol,direction,decision,score,confidence,sl_quality,filter_name,reason
2026-07-09T09:04:25.091896+00:00,XRP/USDT,SHORT,SETUP,25,100,D,CONFIDENCE_GT_90_SL_QUALITY_D,Dry-run only: confidence=100.0 > 90 and sl_quality=D. Dry-run only: XRP/USDT SHORT prospective SL=1.101768 is inside recent 20-bar high/resistance=1.102900. Future filter would block this candidate.
2026-07-09T09:09:49.078736+00:00,XRP/USDT,SHORT,SETUP,25,100,D,CONFIDENCE_GT_90_SL_QUALITY_D,Dry-run only: confidence=100.0 > 90 and sl_quality=D. Dry-run only: XRP/USDT SHORT prospective SL=1.101047 is inside recent 20-bar high/resistance=1.102900. Future filter would block this candidate.
2026-07-09T09:09:54.222330+00:00,DOGE/USDT,SHORT,SETUP,25,100,D,CONFIDENCE_GT_90_SL_QUALITY_D,Dry-run only: confidence=100.0 > 90 and sl_quality=D. Dry-run only: DOGE/USDT SHORT prospective SL=0.073184 is inside recent 20-bar high/resistance=0.073210. Future filter would block this candidate.
2026-07-09T09:15:14.301641+00:00,XRP/USDT,SHORT,SETUP,25,100,D,CONFIDENCE_GT_90_SL_QUALITY_D,Dry-run only: confidence=100.0 > 90 and sl_quality=D. Dry-run only: XRP/USDT SHORT prospective SL=1.100947 is inside recent 20-bar high/resistance=1.102900. Future filter would block this candidate.
2026-07-09T09:20:41.304447+00:00,XRP/USDT,SHORT,SETUP,25,100,D,CONFIDENCE_GT_90_SL_QUALITY_D,Dry-run only: confidence=100.0 > 90 and sl_quality=D. Dry-run only: XRP/USDT SHORT prospective SL=1.101247 is inside recent 20-bar high/resistance=1.102900. Future filter would block this candidate.
2026-07-09T09:26:10.307886+00:00,XRP/USDT,SHORT,SETUP,25,100,D,CONFIDENCE_GT_90_SL_QUALITY_D,Dry-run only: confidence=100.0 > 90 and sl_quality=D. Dry-run only: XRP/USDT SHORT prospective SL=1.101647 is inside recent 20-bar high/resistance=1.102900. Future filter would block this candidate.
2026-07-09T09:26:15.314405+00:00,DOGE/USDT,SHORT,SETUP,25,100,D,CONFIDENCE_GT_90_SL_QUALITY_D,Dry-run only: confidence=100.0 > 90 and sl_quality=D. Dry-run only: DOGE/USDT SHORT prospective SL=0.073169 is inside recent 20-bar high/resistance=0.073210. Future filter would block this candidate.
2026-07-09T09:31:34.440524+00:00,XRP/USDT,SHORT,SETUP,25,100,D,CONFIDENCE_GT_90_SL_QUALITY_D,Dry-run only: confidence=100.0 > 90 and sl_quality=D. Dry-run only: XRP/USDT SHORT prospective SL=1.101347 is inside recent 20-bar high/resistance=1.102900. Future filter would block this candidate.
2026-07-09T09:31:38.680162+00:00,DOGE/USDT,SHORT,SETUP,25,100,D,CONFIDENCE_GT_90_SL_QUALITY_D,Dry-run only: confidence=100.0 > 90 and sl_quality=D. Dry-run only: DOGE/USDT SHORT prospective SL=0.073199 is inside recent 20-bar high/resistance=0.073210. Future filter would block this candidate.
2026-07-09T09:36:56.402669+00:00,XRP/USDT,SHORT,SETUP,25,100,D,CONFIDENCE_GT_90_SL_QUALITY_D,Dry-run only: confidence=100.0 > 90 and sl_quality=D. Dry-run only: XRP/USDT SHORT prospective SL=1.102147 is inside recent 20-bar high/resistance=1.102900. Future filter would block this candidate.
2026-07-09T09:42:21.067367+00:00,XRP/USDT,SHORT,SETUP,25,100,D,CONFIDENCE_GT_90_SL_QUALITY_D,Dry-run only: confidence=100.0 > 90 and sl_quality=D. Dry-run only: XRP/USDT SHORT prospective SL=1.100282 is inside recent 20-bar high/resistance=1.102900. Future filter would block this candidate.
2026-07-09T09:42:24.988009+00:00,DOGE/USDT,SHORT,SETUP,25,100,D,CONFIDENCE_GT_90_SL_QUALITY_D,Dry-run only: confidence=100.0 > 90 and sl_quality=D. Dry-run only: DOGE/USDT SHORT prospective SL=0.073199 is inside recent 20-bar high/resistance=0.073210. Future filter would block this candidate.
2026-07-09T09:47:57.613477+00:00,XRP/USDT,SHORT,SETUP,25,100,D,CONFIDENCE_GT_90_SL_QUALITY_D,Dry-run only: confidence=100.0 > 90 and sl_quality=D. Dry-run only: XRP/USDT SHORT prospective SL=1.101040 is inside recent 20-bar high/resistance=1.102900. Future filter would block this candidate.
2026-07-09T09:48:02.258528+00:00,DOGE/USDT,SHORT,SETUP,25,100,D,CONFIDENCE_GT_90_SL_QUALITY_D,Dry-run only: confidence=100.0 > 90 and sl_quality=D. Dry-run only: DOGE/USDT SHORT prospective SL=0.073209 is inside recent 20-bar high/resistance=0.073210. Future filter would block this candidate.
2026-07-09T09:59:18.503471+00:00,XRP/USDT,SHORT,SETUP,25,100,D,CONFIDENCE_GT_90_SL_QUALITY_D,Dry-run only: confidence=100.0 > 90 and sl_quality=D. Dry-run only: XRP/USDT SHORT prospective SL=1.101940 is inside recent 20-bar high/resistance=1.102900. Future filter would block this candidate.
2026-07-09T10:04:46.919147+00:00,XRP/USDT,SHORT,SETUP,25,100,D,CONFIDENCE_GT_90_SL_QUALITY_D,Dry-run only: confidence=100.0 > 90 and sl_quality=D. Dry-run only: XRP/USDT SHORT prospective SL=1.101530 is inside recent 20-bar high/resistance=1.102900. Future filter would block this candidate.
2026-07-09T10:15:44.052916+00:00,DOGE/USDT,SHORT,SETUP,25,100,D,CONFIDENCE_GT_90_SL_QUALITY_D,Dry-run only: confidence=100.0 > 90 and sl_quality=D. Dry-run only: DOGE/USDT SHORT prospective SL=0.073200 is inside recent 20-bar high/resistance=0.073210. Future filter would block this candidate.
2026-07-09T10:21:04.024121+00:00,XRP/USDT,SHORT,SETUP,25,100,D,CONFIDENCE_GT_90_SL_QUALITY_D,Dry-run only: confidence=100.0 > 90 and sl_quality=D. Dry-run only: XRP/USDT SHORT prospective SL=1.102480 is inside recent 20-bar high/resistance=1.102900. Future filter would block this candidate.
2026-07-09T10:21:09.800992+00:00,DOGE/USDT,SHORT,SETUP,25,100,D,CONFIDENCE_GT_90_SL_QUALITY_D,Dry-run only: confidence=100.0 > 90 and sl_quality=D. Dry-run only: DOGE/USDT SHORT prospective SL=0.073153 is inside recent 20-bar high/resistance=0.073210. Future filter would block this candidate.
2026-07-09T10:26:30.741303+00:00,XRP/USDT,SHORT,SETUP,25,100,D,CONFIDENCE_GT_90_SL_QUALITY_D,Dry-run only: confidence=100.0 > 90 and sl_quality=D. Dry-run only: XRP/USDT SHORT prospective SL=1.100172 is inside recent 20-bar high/resistance=1.102900. Future filter would block this candidate.
2026-07-09T10:32:00.080101+00:00,XRP/USDT,SHORT,SETUP,25,100,D,CONFIDENCE_GT_90_SL_QUALITY_D,Dry-run only: confidence=100.0 > 90 and sl_quality=D. Dry-run only: XRP/USDT SHORT prospective SL=1.100972 is inside recent 20-bar high/resistance=1.102900. Future filter would block this candidate.
2026-07-09T10:37:39.789458+00:00,XRP/USDT,SHORT,SETUP,25,100,D,CONFIDENCE_GT_90_SL_QUALITY_D,Dry-run only: confidence=100.0 > 90 and sl_quality=D. Dry-run only: XRP/USDT SHORT prospective SL=1.101272 is inside recent 20-bar high/resistance=1.102900. Future filter would block this candidate.
2026-07-09T10:43:05.343367+00:00,XRP/USDT,SHORT,SETUP,25,100,D,CONFIDENCE_GT_90_SL_QUALITY_D,Dry-run only: confidence=100.0 > 90 and sl_quality=D. Dry-run only: XRP/USDT SHORT prospective SL=1.101472 is inside recent 20-bar high/resistance=1.102900. Future filter would block this candidate.
2026-07-09T10:48:34.263346+00:00,XRP/USDT,SHORT,SETUP,25,100,D,CONFIDENCE_GT_90_SL_QUALITY_D,Dry-run only: confidence=100.0 > 90 and sl_quality=D. Dry-run only: XRP/USDT SHORT prospective SL=1.100772 is inside recent 20-bar high/resistance=1.102900. Future filter would block this candidate.
2026-07-09T10:54:12.401578+00:00,XRP/USDT,SHORT,SETUP,25,100,D,CONFIDENCE_GT_90_SL_QUALITY_D,Dry-run only: confidence=100.0 > 90 and sl_quality=D. Dry-run only: XRP/USDT SHORT prospective SL=1.099044 is inside recent 20-bar high/resistance=1.102900. Future filter would block this candidate.
2026-07-09T10:59:39.242508+00:00,XRP/USDT,SHORT,SETUP,25,100,D,CONFIDENCE_GT_90_SL_QUALITY_D,Dry-run only: confidence=100.0 > 90 and sl_quality=D. Dry-run only: XRP/USDT SHORT prospective SL=1.100244 is inside recent 20-bar high/resistance=1.102900. Future filter would block this candidate.
2026-07-09T11:05:19.001426+00:00,XRP/USDT,SHORT,WAIT,21,95,D,CONFIDENCE_GT_90_SL_QUALITY_D,Dry-run only: confidence=95.0 > 90 and sl_quality=D. Dry-run only: XRP/USDT SHORT prospective SL=1.099569 is inside recent 20-bar high/resistance=1.102900. Future filter would block this candidate.
2026-07-09T11:11:26.182141+00:00,XRP/USDT,SHORT,WAIT,21,95,D,CONFIDENCE_GT_90_SL_QUALITY_D,Dry-run only: confidence=95.0 > 90 and sl_quality=D. Dry-run only: XRP/USDT SHORT prospective SL=1.099134 is inside recent 20-bar high/resistance=1.102900. Future filter would block this candidate.
2026-07-09T11:16:58.439720+00:00,XRP/USDT,SHORT,WAIT,21,95,D,CONFIDENCE_GT_90_SL_QUALITY_D,Dry-run only: confidence=95.0 > 90 and sl_quality=D. Dry-run only: XRP/USDT SHORT prospective SL=1.098334 is inside recent 20-bar high/resistance=1.102900. Future filter would block this candidate.
2026-07-09T11:22:38.948728+00:00,XRP/USDT,SHORT,WAIT,21,95,D,CONFIDENCE_GT_90_SL_QUALITY_D,Dry-run only: confidence=95.0 > 90 and sl_quality=D. Dry-run only: XRP/USDT SHORT prospective SL=1.098534 is inside recent 20-bar high/resistance=1.102900. Future filter would block this candidate.
2026-07-09T11:28:29.529866+00:00,XRP/USDT,SHORT,WAIT,21,95,D,CONFIDENCE_GT_90_SL_QUALITY_D,Dry-run only: confidence=95.0 > 90 and sl_quality=D. Dry-run only: XRP/USDT SHORT prospective SL=1.098048 is inside recent 20-bar high/resistance=1.102900. Future filter would block this candidate.
2026-07-09T11:33:53.382538+00:00,XRP/USDT,SHORT,WAIT,21,95,D,CONFIDENCE_GT_90_SL_QUALITY_D,Dry-run only: confidence=95.0 > 90 and sl_quality=D. Dry-run only: XRP/USDT SHORT prospective SL=1.098648 is inside recent 20-bar high/resistance=1.102900. Future filter would block this candidate.
2026-07-09T11:39:20.607881+00:00,XRP/USDT,SHORT,WAIT,21,95,D,CONFIDENCE_GT_90_SL_QUALITY_D,Dry-run only: confidence=95.0 > 90 and sl_quality=D. Dry-run only: XRP/USDT SHORT prospective SL=1.099248 is inside recent 20-bar high/resistance=1.102900. Future filter would block this candidate.
2026-07-09T11:44:48.041060+00:00,XRP/USDT,SHORT,WAIT,21,95,D,CONFIDENCE_GT_90_SL_QUALITY_D,Dry-run only: confidence=95.0 > 90 and sl_quality=D. Dry-run only: XRP/USDT SHORT prospective SL=1.099248 is inside recent 20-bar high/resistance=1.102900. Future filter would block this candidate.
2026-07-09T11:50:17.988950+00:00,XRP/USDT,SHORT,SETUP,25,100,D,CONFIDENCE_GT_90_SL_QUALITY_D,Dry-run only: confidence=100.0 > 90 and sl_quality=D. Dry-run only: XRP/USDT SHORT prospective SL=1.099962 is inside recent 20-bar high/resistance=1.102900. Future filter would block this candidate.
2026-07-09T11:55:42.655427+00:00,XRP/USDT,SHORT,SETUP,25,100,D,CONFIDENCE_GT_90_SL_QUALITY_D,Dry-run only: confidence=100.0 > 90 and sl_quality=D. Dry-run only: XRP/USDT SHORT prospective SL=1.100926 is inside recent 20-bar high/resistance=1.102900. Future filter would block this candidate.
2026-07-09T15:48:50.111067+00:00,XRP/USDT,SHORT,WAIT,21,95,D,CONFIDENCE_GT_90_SL_QUALITY_D,Dry-run only: confidence=95.0 > 90 and sl_quality=D. Dry-run only: XRP/USDT SHORT prospective SL=1.099235 is inside recent 20-bar high/resistance=1.102900. Future filter would block this candidate.
2026-07-09T15:58:41.578202+00:00,XRP/USDT,SHORT,WAIT,21,95,D,CONFIDENCE_GT_90_SL_QUALITY_D,Dry-run only: confidence=95.0 > 90 and sl_quality=D. Dry-run only: XRP/USDT SHORT prospective SL=1.099235 is inside recent 20-bar high/resistance=1.102900. Future filter would block this candidate.
2026-07-09T16:08:36.120644+00:00,XRP/USDT,SHORT,WAIT,21,95,D,CONFIDENCE_GT_90_SL_QUALITY_D,Dry-run only: confidence=95.0 > 90 and sl_quality=D. Dry-run only: XRP/USDT SHORT prospective SL=1.097282 is inside recent 20-bar high/resistance=1.102900. Future filter would block this candidate.
2026-07-09T16:37:53.199738+00:00,XRP/USDT,SHORT,WAIT,21,95,D,CONFIDENCE_GT_90_SL_QUALITY_D,Dry-run only: confidence=95.0 > 90 and sl_quality=D. Dry-run only: XRP/USDT SHORT prospective SL=1.097396 is inside recent 20-bar high/resistance=1.102900. Future filter would block this candidate.
2026-07-09T16:47:45.049326+00:00,XRP/USDT,SHORT,WAIT,21,95,D,CONFIDENCE_GT_90_SL_QUALITY_D,Dry-run only: confidence=95.0 > 90 and sl_quality=D. Dry-run only: XRP/USDT SHORT prospective SL=1.097396 is inside recent 20-bar high/resistance=1.102900. Future filter would block this candidate.
2026-07-09T17:32:50.364244+00:00,XRP/USDT,SHORT,WAIT,21,95,D,CONFIDENCE_GT_90_SL_QUALITY_D,Dry-run only: confidence=95.0 > 90 and sl_quality=D. Dry-run only: XRP/USDT SHORT prospective SL=1.099582 is inside recent 20-bar high/resistance=1.102900. Future filter would block this candidate.
2026-07-12T01:40:32.394464+00:00,AVAX/USDT,SHORT,WATCH,24,95,D,CONFIDENCE_GT_90_SL_QUALITY_D,Dry-run only: confidence=95.0 > 90 and sl_quality=D. Dry-run only: AVAX/USDT SHORT prospective SL=6.561209 is inside recent 20-bar high/resistance=6.790000. Future filter would block this candidate.
2026-07-12T01:46:08.777789+00:00,AVAX/USDT,SHORT,WATCH,24,95,D,CONFIDENCE_GT_90_SL_QUALITY_D,Dry-run only: confidence=95.0 > 90 and sl_quality=D. Dry-run only: AVAX/USDT SHORT prospective SL=6.562495 is inside recent 20-bar high/resistance=6.790000. Future filter would block this candidate.
2026-07-12T01:51:32.753688+00:00,AVAX/USDT,SHORT,WATCH,24,95,D,CONFIDENCE_GT_90_SL_QUALITY_D,Dry-run only: confidence=95.0 > 90 and sl_quality=D. Dry-run only: AVAX/USDT SHORT prospective SL=6.558495 is inside recent 20-bar high/resistance=6.790000. Future filter would block this candidate.
2026-07-12T01:56:55.986586+00:00,AVAX/USDT,SHORT,WATCH,24,95,D,CONFIDENCE_GT_90_SL_QUALITY_D,Dry-run only: confidence=95.0 > 90 and sl_quality=D. Dry-run only: AVAX/USDT SHORT prospective SL=6.560495 is inside recent 20-bar high/resistance=6.790000. Future filter would block this candidate.
2026-07-12T02:02:33.362586+00:00,AVAX/USDT,SHORT,WATCH,24,95,D,CONFIDENCE_GT_90_SL_QUALITY_D,Dry-run only: confidence=95.0 > 90 and sl_quality=D. Dry-run only: AVAX/USDT SHORT prospective SL=6.558659 is inside recent 20-bar high/resistance=6.790000. Future filter would block this candidate.
2026-07-12T02:08:12.315064+00:00,AVAX/USDT,SHORT,WATCH,24,95,D,CONFIDENCE_GT_90_SL_QUALITY_D,Dry-run only: confidence=95.0 > 90 and sl_quality=D. Dry-run only: AVAX/USDT SHORT prospective SL=6.556944 is inside recent 20-bar high/resistance=6.790000. Future filter would block this candidate.
2026-07-12T02:19:34.210434+00:00,AVAX/USDT,SHORT,WATCH,24,95,D,CONFIDENCE_GT_90_SL_QUALITY_D,Dry-run only: confidence=95.0 > 90 and sl_quality=D. Dry-run only: AVAX/USDT SHORT prospective SL=6.552730 is inside recent 20-bar high/resistance=6.790000. Future filter would block this candidate.
2026-07-12T02:25:12.557483+00:00,AVAX/USDT,SHORT,WATCH,24,95,D,CONFIDENCE_GT_90_SL_QUALITY_D,Dry-run only: confidence=95.0 > 90 and sl_quality=D. Dry-run only: AVAX/USDT SHORT prospective SL=6.559730 is inside recent 20-bar high/resistance=6.790000. Future filter would block this candidate.
2026-07-12T02:30:50.206346+00:00,AVAX/USDT,SHORT,WATCH,24,95,D,CONFIDENCE_GT_90_SL_QUALITY_D,Dry-run only: confidence=95.0 > 90 and sl_quality=D. Dry-run only: AVAX/USDT SHORT prospective SL=6.555730 is inside recent 20-bar high/resistance=6.790000. Future filter would block this candidate.
2026-07-12T02:36:16.316919+00:00,AVAX/USDT,SHORT,WATCH,24,95,D,CONFIDENCE_GT_90_SL_QUALITY_D,Dry-run only: confidence=95.0 > 90 and sl_quality=D. Dry-run only: AVAX/USDT SHORT prospective SL=6.557730 is inside recent 20-bar high/resistance=6.790000. Future filter would block this candidate.
2026-07-12T02:41:54.781645+00:00,AVAX/USDT,SHORT,WATCH,24,95,D,CONFIDENCE_GT_90_SL_QUALITY_D,Dry-run only: confidence=95.0 > 90 and sl_quality=D. Dry-run only: AVAX/USDT SHORT prospective SL=6.555730 is inside recent 20-bar high/resistance=6.790000. Future filter would block this candidate.
2026-07-12T02:47:32.450218+00:00,AVAX/USDT,SHORT,WATCH,24,95,D,CONFIDENCE_GT_90_SL_QUALITY_D,Dry-run only: confidence=95.0 > 90 and sl_quality=D. Dry-run only: AVAX/USDT SHORT prospective SL=6.554730 is inside recent 20-bar high/resistance=6.790000. Future filter would block this candidate.
2026-07-12T02:53:09.835729+00:00,AVAX/USDT,SHORT,WATCH,24,95,D,CONFIDENCE_GT_90_SL_QUALITY_D,Dry-run only: confidence=95.0 > 90 and sl_quality=D. Dry-run only: AVAX/USDT SHORT prospective SL=6.552730 is inside recent 20-bar high/resistance=6.790000. Future filter would block this candidate.
2026-07-12T03:04:27.922146+00:00,AVAX/USDT,SHORT,WATCH,24,95,D,CONFIDENCE_GT_90_SL_QUALITY_D,Dry-run only: confidence=95.0 > 90 and sl_quality=D. Dry-run only: AVAX/USDT SHORT prospective SL=6.555035 is inside recent 20-bar high/resistance=6.790000. Future filter would block this candidate.
2026-07-12T03:10:03.502016+00:00,AVAX/USDT,SHORT,WATCH,24,95,D,CONFIDENCE_GT_90_SL_QUALITY_D,Dry-run only: confidence=95.0 > 90 and sl_quality=D. Dry-run only: AVAX/USDT SHORT prospective SL=6.551249 is inside recent 20-bar high/resistance=6.790000. Future filter would block this candidate.
2026-07-12T03:15:25.405890+00:00,AVAX/USDT,SHORT,WATCH,24,95,D,CONFIDENCE_GT_90_SL_QUALITY_D,Dry-run only: confidence=95.0 > 90 and sl_quality=D. Dry-run only: AVAX/USDT SHORT prospective SL=6.555249 is inside recent 20-bar high/resistance=6.790000. Future filter would block this candidate.
2026-07-12T03:21:03.297473+00:00,AVAX/USDT,SHORT,WATCH,24,95,D,CONFIDENCE_GT_90_SL_QUALITY_D,Dry-run only: confidence=95.0 > 90 and sl_quality=D. Dry-run only: AVAX/USDT SHORT prospective SL=6.555249 is inside recent 20-bar high/resistance=6.790000. Future filter would block this candidate.
2026-07-12T03:26:26.203342+00:00,AVAX/USDT,SHORT,WATCH,24,95,D,CONFIDENCE_GT_90_SL_QUALITY_D,Dry-run only: confidence=95.0 > 90 and sl_quality=D. Dry-run only: AVAX/USDT SHORT prospective SL=6.555249 is inside recent 20-bar high/resistance=6.790000. Future filter would block this candidate.
2026-07-12T03:32:02.144772+00:00,AVAX/USDT,SHORT,WATCH,24,95,D,CONFIDENCE_GT_90_SL_QUALITY_D,Dry-run only: confidence=95.0 > 90 and sl_quality=D. Dry-run only: AVAX/USDT SHORT prospective SL=6.562535 is inside recent 20-bar high/resistance=6.790000. Future filter would block this candidate.
2026-07-12T03:37:42.025511+00:00,AVAX/USDT,SHORT,WATCH,24,95,D,CONFIDENCE_GT_90_SL_QUALITY_D,Dry-run only: confidence=95.0 > 90 and sl_quality=D. Dry-run only: AVAX/USDT SHORT prospective SL=6.573964 is inside recent 20-bar high/resistance=6.790000. Future filter would block this candidate.
2026-07-12T04:19:04.936445+00:00,AVAX/USDT,SHORT,WATCH,24,95,D,CONFIDENCE_GT_90_SL_QUALITY_D,Dry-run only: confidence=95.0 > 90 and sl_quality=D. Dry-run only: AVAX/USDT SHORT prospective SL=6.582823 is inside recent 20-bar high/resistance=6.790000. Future filter would block this candidate.
2026-07-12T09:07:00.446401+00:00,XRP/USDT,SHORT,WATCH,24,98,D,CONFIDENCE_GT_90_SL_QUALITY_D,Dry-run only: confidence=98.0 > 90 and sl_quality=D. Dry-run only: XRP/USDT SHORT prospective SL=1.099138 is inside recent 20-bar high/resistance=1.119500. Future filter would block this candidate.
2026-07-12T09:07:04.743025+00:00,DOGE/USDT,SHORT,WATCH,24,98,D,CONFIDENCE_GT_90_SL_QUALITY_D,Dry-run only: confidence=98.0 > 90 and sl_quality=D. Dry-run only: DOGE/USDT SHORT prospective SL=0.073508 is inside recent 20-bar high/resistance=0.075590. Future filter would block this candidate.
2026-07-12T10:50:28.332007+00:00,XRP/USDT,SHORT,WATCH,24,98,D,CONFIDENCE_GT_90_SL_QUALITY_D,Dry-run only: confidence=98.0 > 90 and sl_quality=D. Dry-run only: XRP/USDT SHORT prospective SL=1.099129 is inside recent 20-bar high/resistance=1.119500. Future filter would block this candidate.
2026-07-12T10:50:33.029618+00:00,DOGE/USDT,SHORT,WATCH,24,98,D,CONFIDENCE_GT_90_SL_QUALITY_D,Dry-run only: confidence=98.0 > 90 and sl_quality=D. Dry-run only: DOGE/USDT SHORT prospective SL=0.073402 is inside recent 20-bar high/resistance=0.075590. Future filter would block this candidate.
2026-07-12T12:08:44.690369+00:00,XRP/USDT,SHORT,WATCH,24,98,D,CONFIDENCE_GT_90_SL_QUALITY_D,Dry-run only: confidence=98.0 > 90 and sl_quality=D. Dry-run only: XRP/USDT SHORT prospective SL=1.101265 is inside recent 20-bar high/resistance=1.119500. Future filter would block this candidate.
2026-07-12T12:08:49.694032+00:00,DOGE/USDT,SHORT,WATCH,24,98,D,CONFIDENCE_GT_90_SL_QUALITY_D,Dry-run only: confidence=98.0 > 90 and sl_quality=D. Dry-run only: DOGE/USDT SHORT prospective SL=0.073586 is inside recent 20-bar high/resistance=0.075550. Future filter would block this candidate.
2026-07-12T12:14:15.992744+00:00,XRP/USDT,SHORT,WATCH,24,100,D,CONFIDENCE_GT_90_SL_QUALITY_D,Dry-run only: confidence=100.0 > 90 and sl_quality=D. Dry-run only: XRP/USDT SHORT prospective SL=1.104165 is inside recent 20-bar high/resistance=1.119500. Future filter would block this candidate.
2026-07-12T12:14:19.080736+00:00,ADA/USDT,SHORT,WATCH,24,98,D,CONFIDENCE_GT_90_SL_QUALITY_D,Dry-run only: confidence=98.0 > 90 and sl_quality=D. Dry-run only: ADA/USDT SHORT prospective SL=0.166610 is inside recent 20-bar high/resistance=0.173300. Future filter would block this candidate.
2026-07-12T12:14:21.174316+00:00,AVAX/USDT,SHORT,WATCH,24,98,D,CONFIDENCE_GT_90_SL_QUALITY_D,Dry-run only: confidence=98.0 > 90 and sl_quality=D. Dry-run only: AVAX/USDT SHORT prospective SL=6.500173 is inside recent 20-bar high/resistance=6.784000. Future filter would block this candidate.
2026-07-12T12:14:22.193569+00:00,DOGE/USDT,SHORT,WATCH,24,98,D,CONFIDENCE_GT_90_SL_QUALITY_D,Dry-run only: confidence=98.0 > 90 and sl_quality=D. Dry-run only: DOGE/USDT SHORT prospective SL=0.073837 is inside recent 20-bar high/resistance=0.075550. Future filter would block this candidate.
2026-07-12T12:20:07.902357+00:00,XRP/USDT,SHORT,WATCH,24,100,D,CONFIDENCE_GT_90_SL_QUALITY_D,Dry-run only: confidence=100.0 > 90 and sl_quality=D. Dry-run only: XRP/USDT SHORT prospective SL=1.103900 is inside recent 20-bar high/resistance=1.119500. Future filter would block this candidate.
2026-07-12T12:20:12.822887+00:00,AVAX/USDT,SHORT,WATCH,24,98,D,CONFIDENCE_GT_90_SL_QUALITY_D,Dry-run only: confidence=98.0 > 90 and sl_quality=D. Dry-run only: AVAX/USDT SHORT prospective SL=6.500602 is inside recent 20-bar high/resistance=6.784000. Future filter would block this candidate.
2026-07-12T12:20:14.557631+00:00,DOGE/USDT,SHORT,WATCH,24,100,D,CONFIDENCE_GT_90_SL_QUALITY_D,Dry-run only: confidence=100.0 > 90 and sl_quality=D. Dry-run only: DOGE/USDT SHORT prospective SL=0.073912 is inside recent 20-bar high/resistance=0.075550. Future filter would block this candidate.
2026-07-12T12:23:33.026063+00:00,XRP/USDT,SHORT,WATCH,24,100,D,CONFIDENCE_GT_90_SL_QUALITY_D,Dry-run only: confidence=100.0 > 90 and sl_quality=D. Dry-run only: XRP/USDT SHORT prospective SL=1.103500 is inside recent 20-bar high/resistance=1.119500. Future filter would block this candidate.
2026-07-12T12:23:37.355261+00:00,AVAX/USDT,SHORT,WATCH,24,98,D,CONFIDENCE_GT_90_SL_QUALITY_D,Dry-run only: confidence=98.0 > 90 and sl_quality=D. Dry-run only: AVAX/USDT SHORT prospective SL=6.499602 is inside recent 20-bar high/resistance=6.784000. Future filter would block this candidate.
2026-07-12T12:23:38.357950+00:00,DOGE/USDT,SHORT,WATCH,24,100,D,CONFIDENCE_GT_90_SL_QUALITY_D,Dry-run only: confidence=100.0 > 90 and sl_quality=D. Dry-run only: DOGE/USDT SHORT prospective SL=0.073863 is inside recent 20-bar high/resistance=0.075550. Future filter would block this candidate.
2026-07-12T12:29:05.810285+00:00,XRP/USDT,SHORT,WATCH,24,100,D,CONFIDENCE_GT_90_SL_QUALITY_D,Dry-run only: confidence=100.0 > 90 and sl_quality=D. Dry-run only: XRP/USDT SHORT prospective SL=1.103700 is inside recent 20-bar high/resistance=1.119500. Future filter would block this candidate.
2026-07-12T12:29:12.786562+00:00,ADA/USDT,SHORT,WATCH,24,98,D,CONFIDENCE_GT_90_SL_QUALITY_D,Dry-run only: confidence=98.0 > 90 and sl_quality=D. Dry-run only: ADA/USDT SHORT prospective SL=0.166725 is inside recent 20-bar high/resistance=0.173300. Future filter would block this candidate.
2026-07-12T12:29:14.806615+00:00,AVAX/USDT,SHORT,WATCH,24,98,D,CONFIDENCE_GT_90_SL_QUALITY_D,Dry-run only: confidence=98.0 > 90 and sl_quality=D. Dry-run only: AVAX/USDT SHORT prospective SL=6.500602 is inside recent 20-bar high/resistance=6.784000. Future filter would block this candidate.
2026-07-12T12:29:17.679355+00:00,DOGE/USDT,SHORT,WATCH,24,98,D,CONFIDENCE_GT_90_SL_QUALITY_D,Dry-run only: confidence=98.0 > 90 and sl_quality=D. Dry-run only: DOGE/USDT SHORT prospective SL=0.073843 is inside recent 20-bar high/resistance=0.075550. Future filter would block this candidate.
2026-07-12T12:34:38.520323+00:00,XRP/USDT,SHORT,WATCH,24,100,D,CONFIDENCE_GT_90_SL_QUALITY_D,Dry-run only: confidence=100.0 > 90 and sl_quality=D. Dry-run only: XRP/USDT SHORT prospective SL=1.103300 is inside recent 20-bar high/resistance=1.119500. Future filter would block this candidate.
2026-07-12T12:34:40.570548+00:00,ADA/USDT,SHORT,WATCH,24,98,D,CONFIDENCE_GT_90_SL_QUALITY_D,Dry-run only: confidence=98.0 > 90 and sl_quality=D. Dry-run only: ADA/USDT SHORT prospective SL=0.166725 is inside recent 20-bar high/resistance=0.173300. Future filter would block this candidate.
2026-07-12T12:34:42.104806+00:00,AVAX/USDT,SHORT,WATCH,24,98,D,CONFIDENCE_GT_90_SL_QUALITY_D,Dry-run only: confidence=98.0 > 90 and sl_quality=D. Dry-run only: AVAX/USDT SHORT prospective SL=6.503602 is inside recent 20-bar high/resistance=6.784000. Future filter would block this candidate.
2026-07-12T12:34:43.169840+00:00,DOGE/USDT,SHORT,WATCH,24,98,D,CONFIDENCE_GT_90_SL_QUALITY_D,Dry-run only: confidence=98.0 > 90 and sl_quality=D. Dry-run only: DOGE/USDT SHORT prospective SL=0.073813 is inside recent 20-bar high/resistance=0.075550. Future filter would block this candidate.
2026-07-12T12:40:01.874842+00:00,XRP/USDT,SHORT,WATCH,24,100,D,CONFIDENCE_GT_90_SL_QUALITY_D,Dry-run only: confidence=100.0 > 90 and sl_quality=D. Dry-run only: XRP/USDT SHORT prospective SL=1.103400 is inside recent 20-bar high/resistance=1.119500. Future filter would block this candidate.
2026-07-12T12:40:04.962720+00:00,ADA/USDT,SHORT,WATCH,24,98,D,CONFIDENCE_GT_90_SL_QUALITY_D,Dry-run only: confidence=98.0 > 90 and sl_quality=D. Dry-run only: ADA/USDT SHORT prospective SL=0.166625 is inside recent 20-bar high/resistance=0.173300. Future filter would block this candidate.
2026-07-12T12:40:07.008241+00:00,AVAX/USDT,SHORT,WATCH,24,95,D,CONFIDENCE_GT_90_SL_QUALITY_D,Dry-run only: confidence=95.0 > 90 and sl_quality=D. Dry-run only: AVAX/USDT SHORT prospective SL=6.492602 is inside recent 20-bar high/resistance=6.784000. Future filter would block this candidate.
2026-07-12T12:40:08.505676+00:00,DOGE/USDT,SHORT,WATCH,24,98,D,CONFIDENCE_GT_90_SL_QUALITY_D,Dry-run only: confidence=98.0 > 90 and sl_quality=D. Dry-run only: DOGE/USDT SHORT prospective SL=0.073813 is inside recent 20-bar high/resistance=0.075550. Future filter would block this candidate.
2026-07-12T12:45:28.323833+00:00,XRP/USDT,SHORT,WATCH,24,100,D,CONFIDENCE_GT_90_SL_QUALITY_D,Dry-run only: confidence=100.0 > 90 and sl_quality=D. Dry-run only: XRP/USDT SHORT prospective SL=1.103800 is inside recent 20-bar high/resistance=1.119500. Future filter would block this candidate.
2026-07-12T12:45:30.422029+00:00,ADA/USDT,SHORT,WATCH,24,98,D,CONFIDENCE_GT_90_SL_QUALITY_D,Dry-run only: confidence=98.0 > 90 and sl_quality=D. Dry-run only: ADA/USDT SHORT prospective SL=0.166625 is inside recent 20-bar high/resistance=0.173300. Future filter would block this candidate.
2026-07-12T12:45:31.630637+00:00,AVAX/USDT,SHORT,WATCH,24,98,D,CONFIDENCE_GT_90_SL_QUALITY_D,Dry-run only: confidence=98.0 > 90 and sl_quality=D. Dry-run only: AVAX/USDT SHORT prospective SL=6.495602 is inside recent 20-bar high/resistance=6.784000. Future filter would block this candidate.
2026-07-12T12:45:32.520314+00:00,DOGE/USDT,SHORT,WATCH,24,98,D,CONFIDENCE_GT_90_SL_QUALITY_D,Dry-run only: confidence=98.0 > 90 and sl_quality=D. Dry-run only: DOGE/USDT SHORT prospective SL=0.073813 is inside recent 20-bar high/resistance=0.075550. Future filter would block this candidate.
2026-07-12T13:02:55.410382+00:00,XRP/USDT,SHORT,WAIT,21,95,D,CONFIDENCE_GT_90_SL_QUALITY_D,Dry-run only: confidence=95.0 > 90 and sl_quality=D. Dry-run only: XRP/USDT SHORT prospective SL=1.103486 is inside recent 20-bar high/resistance=1.119500. Future filter would block this candidate.
2026-07-12T13:03:21.717583+00:00,ADA/USDT,SHORT,WATCH,24,98,D,CONFIDENCE_GT_90_SL_QUALITY_D,Dry-run only: confidence=98.0 > 90 and sl_quality=D. Dry-run only: ADA/USDT SHORT prospective SL=0.166323 is inside recent 20-bar high/resistance=0.173300. Future filter would block this candidate.
2026-07-12T13:08:49.224750+00:00,DOGE/USDT,SHORT,WAIT,21,95,D,CONFIDENCE_GT_90_SL_QUALITY_D,Dry-run only: confidence=95.0 > 90 and sl_quality=D. Dry-run only: DOGE/USDT SHORT prospective SL=0.073928 is inside recent 20-bar high/resistance=0.075550. Future filter would block this candidate.
2026-07-12T13:14:09.405896+00:00,ADA/USDT,SHORT,WATCH,24,98,D,CONFIDENCE_GT_90_SL_QUALITY_D,Dry-run only: confidence=98.0 > 90 and sl_quality=D. Dry-run only: ADA/USDT SHORT prospective SL=0.166651 is inside recent 20-bar high/resistance=0.173300. Future filter would block this candidate.
2026-07-12T13:14:11.399470+00:00,DOGE/USDT,SHORT,WAIT,21,95,D,CONFIDENCE_GT_90_SL_QUALITY_D,Dry-run only: confidence=95.0 > 90 and sl_quality=D. Dry-run only: DOGE/USDT SHORT prospective SL=0.073929 is inside recent 20-bar high/resistance=0.075550. Future filter would block this candidate.
2026-07-12T13:22:28.064904+00:00,ADA/USDT,SHORT,WATCH,24,98,D,CONFIDENCE_GT_90_SL_QUALITY_D,Dry-run only: confidence=98.0 > 90 and sl_quality=D. Dry-run only: ADA/USDT SHORT prospective SL=0.166451 is inside recent 20-bar high/resistance=0.173300. Future filter would block this candidate.
2026-07-12T13:22:30.008639+00:00,DOGE/USDT,SHORT,WAIT,21,95,D,CONFIDENCE_GT_90_SL_QUALITY_D,Dry-run only: confidence=95.0 > 90 and sl_quality=D. Dry-run only: DOGE/USDT SHORT prospective SL=0.073879 is inside recent 20-bar high/resistance=0.075550. Future filter would block this candidate.
2026-07-12T13:27:56.862671+00:00,ADA/USDT,SHORT,WATCH,24,98,D,CONFIDENCE_GT_90_SL_QUALITY_D,Dry-run only: confidence=98.0 > 90 and sl_quality=D. Dry-run only: ADA/USDT SHORT prospective SL=0.166551 is inside recent 20-bar high/resistance=0.173300. Future filter would block this candidate.
2026-07-12T13:27:58.810564+00:00,DOGE/USDT,SHORT,WAIT,21,95,D,CONFIDENCE_GT_90_SL_QUALITY_D,Dry-run only: confidence=95.0 > 90 and sl_quality=D. Dry-run only: DOGE/USDT SHORT prospective SL=0.073889 is inside recent 20-bar high/resistance=0.075550. Future filter would block this candidate.
2026-07-12T14:48:22.499683+00:00,AVAX/USDT,SHORT,WAIT,21,95,D,CONFIDENCE_GT_90_SL_QUALITY_D,Dry-run only: confidence=95.0 > 90 and sl_quality=D. Dry-run only: AVAX/USDT SHORT prospective SL=6.514376 is inside recent 20-bar high/resistance=6.770000. Future filter would block this candidate.
2026-07-12T14:53:50.431883+00:00,AVAX/USDT,SHORT,WAIT,21,95,D,CONFIDENCE_GT_90_SL_QUALITY_D,Dry-run only: confidence=95.0 > 90 and sl_quality=D. Dry-run only: AVAX/USDT SHORT prospective SL=6.518519 is inside recent 20-bar high/resistance=6.770000. Future filter would block this candidate.
2026-07-12T14:59:15.538532+00:00,AVAX/USDT,SHORT,WAIT,21,95,D,CONFIDENCE_GT_90_SL_QUALITY_D,Dry-run only: confidence=95.0 > 90 and sl_quality=D. Dry-run only: AVAX/USDT SHORT prospective SL=6.513519 is inside recent 20-bar high/resistance=6.770000. Future filter would block this candidate.
2026-07-12T15:04:41.342340+00:00,AVAX/USDT,SHORT,WAIT,21,95,D,CONFIDENCE_GT_90_SL_QUALITY_D,Dry-run only: confidence=95.0 > 90 and sl_quality=D. Dry-run only: AVAX/USDT SHORT prospective SL=6.501839 is inside recent 20-bar high/resistance=6.762000. Future filter would block this candidate.
2026-07-12T15:10:06.990103+00:00,AVAX/USDT,SHORT,WAIT,21,95,D,CONFIDENCE_GT_90_SL_QUALITY_D,Dry-run only: confidence=95.0 > 90 and sl_quality=D. Dry-run only: AVAX/USDT SHORT prospective SL=6.500839 is inside recent 20-bar high/resistance=6.762000. Future filter would block this candidate.
2026-07-12T15:15:32.743734+00:00,AVAX/USDT,SHORT,WAIT,21,95,D,CONFIDENCE_GT_90_SL_QUALITY_D,Dry-run only: confidence=95.0 > 90 and sl_quality=D. Dry-run only: AVAX/USDT SHORT prospective SL=6.510839 is inside recent 20-bar high/resistance=6.762000. Future filter would block this candidate.
2026-07-12T15:21:38.927638+00:00,AVAX/USDT,SHORT,WAIT,21,95,D,CONFIDENCE_GT_90_SL_QUALITY_D,Dry-run only: confidence=95.0 > 90 and sl_quality=D. Dry-run only: AVAX/USDT SHORT prospective SL=6.506839 is inside recent 20-bar high/resistance=6.762000. Future filter would block this candidate.
2026-07-12T15:27:03.977677+00:00,AVAX/USDT,SHORT,WAIT,21,95,D,CONFIDENCE_GT_90_SL_QUALITY_D,Dry-run only: confidence=95.0 > 90 and sl_quality=D. Dry-run only: AVAX/USDT SHORT prospective SL=6.514410 is inside recent 20-bar high/resistance=6.762000. Future filter would block this candidate.
2026-07-12T15:32:40.801590+00:00,AVAX/USDT,SHORT,WAIT,21,95,D,CONFIDENCE_GT_90_SL_QUALITY_D,Dry-run only: confidence=95.0 > 90 and sl_quality=D. Dry-run only: AVAX/USDT SHORT prospective SL=6.512482 is inside recent 20-bar high/resistance=6.762000. Future filter would block this candidate.
2026-07-12T16:38:20.896899+00:00,DOGE/USDT,SHORT,WAIT,21,95,D,CONFIDENCE_GT_90_SL_QUALITY_D,Dry-run only: confidence=95.0 > 90 and sl_quality=D. Dry-run only: DOGE/USDT SHORT prospective SL=0.073920 is inside recent 20-bar high/resistance=0.075330. Future filter would block this candidate.
2026-07-12T17:22:00.896880+00:00,XRP/USDT,SHORT,WAIT,21,95,D,CONFIDENCE_GT_90_SL_QUALITY_D,Dry-run only: confidence=95.0 > 90 and sl_quality=D. Dry-run only: XRP/USDT SHORT prospective SL=1.104196 is inside recent 20-bar high/resistance=1.115200. Future filter would block this candidate.
2026-07-12T17:22:07.098927+00:00,DOGE/USDT,SHORT,WAIT,21,95,D,CONFIDENCE_GT_90_SL_QUALITY_D,Dry-run only: confidence=95.0 > 90 and sl_quality=D. Dry-run only: DOGE/USDT SHORT prospective SL=0.073940 is inside recent 20-bar high/resistance=0.075200. Future filter would block this candidate.
2026-07-12T17:27:47.847175+00:00,XRP/USDT,SHORT,WAIT,21,95,D,CONFIDENCE_GT_90_SL_QUALITY_D,Dry-run only: confidence=95.0 > 90 and sl_quality=D. Dry-run only: XRP/USDT SHORT prospective SL=1.104253 is inside recent 20-bar high/resistance=1.115200. Future filter would block this candidate.
2026-07-12T17:27:57.816344+00:00,DOGE/USDT,SHORT,WAIT,21,95,D,CONFIDENCE_GT_90_SL_QUALITY_D,Dry-run only: confidence=95.0 > 90 and sl_quality=D. Dry-run only: DOGE/USDT SHORT prospective SL=0.073953 is inside recent 20-bar high/resistance=0.075200. Future filter would block this candidate.
2026-07-12T17:33:19.109869+00:00,XRP/USDT,SHORT,WAIT,21,95,D,CONFIDENCE_GT_90_SL_QUALITY_D,Dry-run only: confidence=95.0 > 90 and sl_quality=D. Dry-run only: XRP/USDT SHORT prospective SL=1.104253 is inside recent 20-bar high/resistance=1.115200. Future filter would block this candidate.
2026-07-12T17:33:23.943910+00:00,DOGE/USDT,SHORT,WAIT,21,95,D,CONFIDENCE_GT_90_SL_QUALITY_D,Dry-run only: confidence=95.0 > 90 and sl_quality=D. Dry-run only: DOGE/USDT SHORT prospective SL=0.073924 is inside recent 20-bar high/resistance=0.075200. Future filter would block this candidate.
2026-07-12T17:38:55.319705+00:00,AVAX/USDT,SHORT,WAIT,21,95,D,CONFIDENCE_GT_90_SL_QUALITY_D,Dry-run only: confidence=95.0 > 90 and sl_quality=D. Dry-run only: AVAX/USDT SHORT prospective SL=6.492031 is inside recent 20-bar high/resistance=6.737000. Future filter would block this candidate.
2026-07-12T17:55:04.331390+00:00,XRP/USDT,SHORT,WAIT,21,95,D,CONFIDENCE_GT_90_SL_QUALITY_D,Dry-run only: confidence=95.0 > 90 and sl_quality=D. Dry-run only: XRP/USDT SHORT prospective SL=1.102838 is inside recent 20-bar high/resistance=1.115200. Future filter would block this candidate.
2026-07-12T17:55:08.382071+00:00,DOGE/USDT,SHORT,WAIT,21,95,D,CONFIDENCE_GT_90_SL_QUALITY_D,Dry-run only: confidence=95.0 > 90 and sl_quality=D. Dry-run only: DOGE/USDT SHORT prospective SL=0.073767 is inside recent 20-bar high/resistance=0.075200. Future filter would block this candidate.
2026-07-12T18:00:30.181328+00:00,XRP/USDT,SHORT,WAIT,21,95,D,CONFIDENCE_GT_90_SL_QUALITY_D,Dry-run only: confidence=95.0 > 90 and sl_quality=D. Dry-run only: XRP/USDT SHORT prospective SL=1.103186 is inside recent 20-bar high/resistance=1.109600. Future filter would block this candidate.
2026-07-12T18:00:35.961324+00:00,DOGE/USDT,SHORT,WAIT,21,95,D,CONFIDENCE_GT_90_SL_QUALITY_D,Dry-run only: confidence=95.0 > 90 and sl_quality=D. Dry-run only: DOGE/USDT SHORT prospective SL=0.073852 is inside recent 20-bar high/resistance=0.074700. Future filter would block this candidate.
2026-07-12T18:05:54.881900+00:00,XRP/USDT,SHORT,WAIT,21,95,D,CONFIDENCE_GT_90_SL_QUALITY_D,Dry-run only: confidence=95.0 > 90 and sl_quality=D. Dry-run only: XRP/USDT SHORT prospective SL=1.103150 is inside recent 20-bar high/resistance=1.109600. Future filter would block this candidate.
2026-07-12T18:05:59.448253+00:00,DOGE/USDT,SHORT,WAIT,21,95,D,CONFIDENCE_GT_90_SL_QUALITY_D,Dry-run only: confidence=95.0 > 90 and sl_quality=D. Dry-run only: DOGE/USDT SHORT prospective SL=0.073824 is inside recent 20-bar high/resistance=0.074700. Future filter would block this candidate.
2026-07-12T18:11:17.887588+00:00,XRP/USDT,SHORT,WAIT,21,95,D,CONFIDENCE_GT_90_SL_QUALITY_D,Dry-run only: confidence=95.0 > 90 and sl_quality=D. Dry-run only: XRP/USDT SHORT prospective SL=1.102614 is inside recent 20-bar high/resistance=1.109600. Future filter would block this candidate.
2026-07-12T18:11:22.180324+00:00,DOGE/USDT,SHORT,WAIT,21,95,D,CONFIDENCE_GT_90_SL_QUALITY_D,Dry-run only: confidence=95.0 > 90 and sl_quality=D. Dry-run only: DOGE/USDT SHORT prospective SL=0.073768 is inside recent 20-bar high/resistance=0.074700. Future filter would block this candidate.
2026-07-12T18:16:40.279952+00:00,XRP/USDT,SHORT,WAIT,21,95,D,CONFIDENCE_GT_90_SL_QUALITY_D,Dry-run only: confidence=95.0 > 90 and sl_quality=D. Dry-run only: XRP/USDT SHORT prospective SL=1.103414 is inside recent 20-bar high/resistance=1.109600. Future filter would block this candidate.
2026-07-12T18:16:45.667176+00:00,DOGE/USDT,SHORT,WAIT,21,95,D,CONFIDENCE_GT_90_SL_QUALITY_D,Dry-run only: confidence=95.0 > 90 and sl_quality=D. Dry-run only: DOGE/USDT SHORT prospective SL=0.073818 is inside recent 20-bar high/resistance=0.074700. Future filter would block this candidate.
2026-07-12T18:22:04.601502+00:00,XRP/USDT,SHORT,WAIT,21,95,D,CONFIDENCE_GT_90_SL_QUALITY_D,Dry-run only: confidence=95.0 > 90 and sl_quality=D. Dry-run only: XRP/USDT SHORT prospective SL=1.102036 is inside recent 20-bar high/resistance=1.109600. Future filter would block this candidate.
2026-07-12T18:22:09.189007+00:00,DOGE/USDT,SHORT,WAIT,21,95,D,CONFIDENCE_GT_90_SL_QUALITY_D,Dry-run only: confidence=95.0 > 90 and sl_quality=D. Dry-run only: DOGE/USDT SHORT prospective SL=0.073758 is inside recent 20-bar high/resistance=0.074700. Future filter would block this candidate.
2026-07-12T18:27:27.995142+00:00,XRP/USDT,SHORT,WAIT,21,95,D,CONFIDENCE_GT_90_SL_QUALITY_D,Dry-run only: confidence=95.0 > 90 and sl_quality=D. Dry-run only: XRP/USDT SHORT prospective SL=1.103036 is inside recent 20-bar high/resistance=1.109600. Future filter would block this candidate.
2026-07-12T18:27:32.621392+00:00,DOGE/USDT,SHORT,WAIT,21,95,D,CONFIDENCE_GT_90_SL_QUALITY_D,Dry-run only: confidence=95.0 > 90 and sl_quality=D. Dry-run only: DOGE/USDT SHORT prospective SL=0.073878 is inside recent 20-bar high/resistance=0.074700. Future filter would block this candidate.
2026-07-12T18:32:52.454099+00:00,XRP/USDT,SHORT,WAIT,21,95,D,CONFIDENCE_GT_90_SL_QUALITY_D,Dry-run only: confidence=95.0 > 90 and sl_quality=D. Dry-run only: XRP/USDT SHORT prospective SL=1.103336 is inside recent 20-bar high/resistance=1.109600. Future filter would block this candidate.
2026-07-12T18:32:56.044447+00:00,AVAX/USDT,SHORT,WAIT,21,95,D,CONFIDENCE_GT_90_SL_QUALITY_D,Dry-run only: confidence=95.0 > 90 and sl_quality=D. Dry-run only: AVAX/USDT SHORT prospective SL=6.488151 is inside recent 20-bar high/resistance=6.699000. Future filter would block this candidate.
2026-07-12T18:32:57.064997+00:00,DOGE/USDT,SHORT,WAIT,21,95,D,CONFIDENCE_GT_90_SL_QUALITY_D,Dry-run only: confidence=95.0 > 90 and sl_quality=D. Dry-run only: DOGE/USDT SHORT prospective SL=0.073913 is inside recent 20-bar high/resistance=0.074700. Future filter would block this candidate.
2026-07-12T18:38:19.917389+00:00,XRP/USDT,SHORT,WAIT,21,95,D,CONFIDENCE_GT_90_SL_QUALITY_D,Dry-run only: confidence=95.0 > 90 and sl_quality=D. Dry-run only: XRP/USDT SHORT prospective SL=1.104250 is inside recent 20-bar high/resistance=1.109600. Future filter would block this candidate.
2026-07-12T18:38:23.485342+00:00,AVAX/USDT,SHORT,WAIT,21,95,D,CONFIDENCE_GT_90_SL_QUALITY_D,Dry-run only: confidence=95.0 > 90 and sl_quality=D. Dry-run only: AVAX/USDT SHORT prospective SL=6.489437 is inside recent 20-bar high/resistance=6.699000. Future filter would block this candidate.
2026-07-12T18:43:44.180006+00:00,XRP/USDT,SHORT,WAIT,21,95,D,CONFIDENCE_GT_90_SL_QUALITY_D,Dry-run only: confidence=95.0 > 90 and sl_quality=D. Dry-run only: XRP/USDT SHORT prospective SL=1.103957 is inside recent 20-bar high/resistance=1.109600. Future filter would block this candidate.
2026-07-12T18:43:47.485435+00:00,AVAX/USDT,SHORT,WAIT,21,95,D,CONFIDENCE_GT_90_SL_QUALITY_D,Dry-run only: confidence=95.0 > 90 and sl_quality=D. Dry-run only: AVAX/USDT SHORT prospective SL=6.493509 is inside recent 20-bar high/resistance=6.699000. Future filter would block this candidate.
2026-07-12T19:15:22.756858+00:00,AVAX/USDT,SHORT,SETUP,25,100,D,CONFIDENCE_GT_90_SL_QUALITY_D,Dry-run only: confidence=100.0 > 90 and sl_quality=D. Dry-run only: AVAX/USDT SHORT prospective SL=6.508794 is inside recent 20-bar high/resistance=6.554000. Future filter would block this candidate.
2026-07-12T19:20:50.639088+00:00,AVAX/USDT,SHORT,SETUP,25,100,D,CONFIDENCE_GT_90_SL_QUALITY_D,Dry-run only: confidence=100.0 > 90 and sl_quality=D. Dry-run only: AVAX/USDT SHORT prospective SL=6.516794 is inside recent 20-bar high/resistance=6.554000. Future filter would block this candidate.
2026-07-12T19:27:02.820734+00:00,AVAX/USDT,SHORT,SETUP,25,100,D,CONFIDENCE_GT_90_SL_QUALITY_D,Dry-run only: confidence=100.0 > 90 and sl_quality=D. Dry-run only: AVAX/USDT SHORT prospective SL=6.515794 is inside recent 20-bar high/resistance=6.554000. Future filter would block this candidate.
2026-07-12T19:32:26.599701+00:00,XRP/USDT,SHORT,SETUP,25,100,D,CONFIDENCE_GT_90_SL_QUALITY_D,Dry-run only: confidence=100.0 > 90 and sl_quality=D. Dry-run only: XRP/USDT SHORT prospective SL=1.104094 is inside recent 20-bar high/resistance=1.104200. Future filter would block this candidate.
2026-07-12T19:32:29.737858+00:00,AVAX/USDT,SHORT,SETUP,25,100,D,CONFIDENCE_GT_90_SL_QUALITY_D,Dry-run only: confidence=100.0 > 90 and sl_quality=D. Dry-run only: AVAX/USDT SHORT prospective SL=6.508937 is inside recent 20-bar high/resistance=6.554000. Future filter would block this candidate.
2026-07-12T19:37:52.710256+00:00,XRP/USDT,SHORT,SETUP,25,100,D,CONFIDENCE_GT_90_SL_QUALITY_D,Dry-run only: confidence=100.0 > 90 and sl_quality=D. Dry-run only: XRP/USDT SHORT prospective SL=1.103866 is inside recent 20-bar high/resistance=1.104200. Future filter would block this candidate.
2026-07-12T19:37:57.288032+00:00,AVAX/USDT,SHORT,WAIT,21,95,D,CONFIDENCE_GT_90_SL_QUALITY_D,Dry-run only: confidence=95.0 > 90 and sl_quality=D. Dry-run only: AVAX/USDT SHORT prospective SL=6.506294 is inside recent 20-bar high/resistance=6.554000. Future filter would block this candidate.
2026-07-12T19:37:58.539801+00:00,DOGE/USDT,SHORT,SETUP,25,100,D,CONFIDENCE_GT_90_SL_QUALITY_D,Dry-run only: confidence=100.0 > 90 and sl_quality=D. Dry-run only: DOGE/USDT SHORT prospective SL=0.073890 is inside recent 20-bar high/resistance=0.073900. Future filter would block this candidate.
2026-07-12T19:43:41.893890+00:00,XRP/USDT,SHORT,SETUP,25,100,D,CONFIDENCE_GT_90_SL_QUALITY_D,Dry-run only: confidence=100.0 > 90 and sl_quality=D. Dry-run only: XRP/USDT SHORT prospective SL=1.103766 is inside recent 20-bar high/resistance=1.104200. Future filter would block this candidate.
2026-07-12T19:43:54.886220+00:00,AVAX/USDT,SHORT,WAIT,21,95,D,CONFIDENCE_GT_90_SL_QUALITY_D,Dry-run only: confidence=95.0 > 90 and sl_quality=D. Dry-run only: AVAX/USDT SHORT prospective SL=6.504294 is inside recent 20-bar high/resistance=6.554000. Future filter would block this candidate.
2026-07-12T19:43:57.346913+00:00,DOGE/USDT,SHORT,SETUP,25,100,D,CONFIDENCE_GT_90_SL_QUALITY_D,Dry-run only: confidence=100.0 > 90 and sl_quality=D. Dry-run only: DOGE/USDT SHORT prospective SL=0.073880 is inside recent 20-bar high/resistance=0.073900. Future filter would block this candidate.
2026-07-12T19:49:20.411143+00:00,AVAX/USDT,SHORT,WAIT,21,95,D,CONFIDENCE_GT_90_SL_QUALITY_D,Dry-run only: confidence=95.0 > 90 and sl_quality=D. Dry-run only: AVAX/USDT SHORT prospective SL=6.505294 is inside recent 20-bar high/resistance=6.554000. Future filter would block this candidate.
2026-07-12T19:54:44.810953+00:00,AVAX/USDT,SHORT,SETUP,25,100,D,CONFIDENCE_GT_90_SL_QUALITY_D,Dry-run only: confidence=100.0 > 90 and sl_quality=D. Dry-run only: AVAX/USDT SHORT prospective SL=6.519294 is inside recent 20-bar high/resistance=6.554000. Future filter would block this candidate.
2026-07-12T20:00:09.561209+00:00,AVAX/USDT,SHORT,SETUP,25,100,D,CONFIDENCE_GT_90_SL_QUALITY_D,Dry-run only: confidence=100.0 > 90 and sl_quality=D. Dry-run only: AVAX/USDT SHORT prospective SL=6.517701 is inside recent 20-bar high/resistance=6.541000. Future filter would block this candidate.
2026-07-12T20:05:35.505890+00:00,AVAX/USDT,SHORT,SETUP,25,100,D,CONFIDENCE_GT_90_SL_QUALITY_D,Dry-run only: confidence=100.0 > 90 and sl_quality=D. Dry-run only: AVAX/USDT SHORT prospective SL=6.507130 is inside recent 20-bar high/resistance=6.541000. Future filter would block this candidate.
2026-07-12T20:11:00.492401+00:00,AVAX/USDT,SHORT,SETUP,25,100,D,CONFIDENCE_GT_90_SL_QUALITY_D,Dry-run only: confidence=100.0 > 90 and sl_quality=D. Dry-run only: AVAX/USDT SHORT prospective SL=6.508344 is inside recent 20-bar high/resistance=6.541000. Future filter would block this candidate.
2026-07-12T20:16:24.897682+00:00,AVAX/USDT,SHORT,SETUP,25,100,D,CONFIDENCE_GT_90_SL_QUALITY_D,Dry-run only: confidence=100.0 > 90 and sl_quality=D. Dry-run only: AVAX/USDT SHORT prospective SL=6.508344 is inside recent 20-bar high/resistance=6.541000. Future filter would block this candidate.
2026-07-12T20:21:50.424538+00:00,AVAX/USDT,SHORT,SETUP,25,100,D,CONFIDENCE_GT_90_SL_QUALITY_D,Dry-run only: confidence=100.0 > 90 and sl_quality=D. Dry-run only: AVAX/USDT SHORT prospective SL=6.512344 is inside recent 20-bar high/resistance=6.541000. Future filter would block this candidate.
2026-07-12T20:27:16.669255+00:00,AVAX/USDT,SHORT,SETUP,25,100,D,CONFIDENCE_GT_90_SL_QUALITY_D,Dry-run only: confidence=100.0 > 90 and sl_quality=D. Dry-run only: AVAX/USDT SHORT prospective SL=6.501558 is inside recent 20-bar high/resistance=6.541000. Future filter would block this candidate.
2026-07-12T20:27:17.599749+00:00,DOGE/USDT,SHORT,SETUP,25,100,D,CONFIDENCE_GT_90_SL_QUALITY_D,Dry-run only: confidence=100.0 > 90 and sl_quality=D. Dry-run only: DOGE/USDT SHORT prospective SL=0.073894 is inside recent 20-bar high/resistance=0.073900. Future filter would block this candidate.
2026-07-12T20:32:42.086257+00:00,AVAX/USDT,SHORT,SETUP,25,100,D,CONFIDENCE_GT_90_SL_QUALITY_D,Dry-run only: confidence=100.0 > 90 and sl_quality=D. Dry-run only: AVAX/USDT SHORT prospective SL=6.507630 is inside recent 20-bar high/resistance=6.541000. Future filter would block this candidate.
2026-07-12T20:38:11.444584+00:00,XRP/USDT,SHORT,SETUP,25,100,D,CONFIDENCE_GT_90_SL_QUALITY_D,Dry-run only: confidence=100.0 > 90 and sl_quality=D. Dry-run only: XRP/USDT SHORT prospective SL=1.103861 is inside recent 20-bar high/resistance=1.104200. Future filter would block this candidate.
2026-07-12T20:38:21.108006+00:00,AVAX/USDT,SHORT,SETUP,25,100,D,CONFIDENCE_GT_90_SL_QUALITY_D,Dry-run only: confidence=100.0 > 90 and sl_quality=D. Dry-run only: AVAX/USDT SHORT prospective SL=6.506773 is inside recent 20-bar high/resistance=6.541000. Future filter would block this candidate.
2026-07-12T20:38:24.215139+00:00,DOGE/USDT,SHORT,SETUP,25,100,D,CONFIDENCE_GT_90_SL_QUALITY_D,Dry-run only: confidence=100.0 > 90 and sl_quality=D. Dry-run only: DOGE/USDT SHORT prospective SL=0.073887 is inside recent 20-bar high/resistance=0.073900. Future filter would block this candidate.
2026-07-12T20:44:25.818362+00:00,AVAX/USDT,SHORT,SETUP,25,100,D,CONFIDENCE_GT_90_SL_QUALITY_D,Dry-run only: confidence=100.0 > 90 and sl_quality=D. Dry-run only: AVAX/USDT SHORT prospective SL=6.513773 is inside recent 20-bar high/resistance=6.541000. Future filter would block this candidate.
2026-07-12T20:50:13.607325+00:00,AVAX/USDT,SHORT,SETUP,25,100,D,CONFIDENCE_GT_90_SL_QUALITY_D,Dry-run only: confidence=100.0 > 90 and sl_quality=D. Dry-run only: AVAX/USDT SHORT prospective SL=6.511773 is inside recent 20-bar high/resistance=6.541000. Future filter would block this candidate.
2026-07-12T20:55:43.087973+00:00,XRP/USDT,SHORT,SETUP,25,100,D,CONFIDENCE_GT_90_SL_QUALITY_D,Dry-run only: confidence=100.0 > 90 and sl_quality=D. Dry-run only: XRP/USDT SHORT prospective SL=1.104168 is inside recent 20-bar high/resistance=1.104200. Future filter would block this candidate.
2026-07-12T20:55:49.146713+00:00,AVAX/USDT,SHORT,SETUP,25,100,D,CONFIDENCE_GT_90_SL_QUALITY_D,Dry-run only: confidence=100.0 > 90 and sl_quality=D. Dry-run only: AVAX/USDT SHORT prospective SL=6.514773 is inside recent 20-bar high/resistance=6.541000. Future filter would block this candidate.
2026-07-12T20:55:50.037401+00:00,DOGE/USDT,SHORT,SETUP,25,100,D,CONFIDENCE_GT_90_SL_QUALITY_D,Dry-run only: confidence=100.0 > 90 and sl_quality=D. Dry-run only: DOGE/USDT SHORT prospective SL=0.073867 is inside recent 20-bar high/resistance=0.073900. Future filter would block this candidate.
2026-07-12T21:01:13.525111+00:00,XRP/USDT,SHORT,SETUP,25,100,D,CONFIDENCE_GT_90_SL_QUALITY_D,Dry-run only: confidence=100.0 > 90 and sl_quality=D. Dry-run only: XRP/USDT SHORT prospective SL=1.103663 is inside recent 20-bar high/resistance=1.104200. Future filter would block this candidate.
2026-07-12T21:01:17.932900+00:00,AVAX/USDT,SHORT,SETUP,25,100,D,CONFIDENCE_GT_90_SL_QUALITY_D,Dry-run only: confidence=100.0 > 90 and sl_quality=D. Dry-run only: AVAX/USDT SHORT prospective SL=6.511360 is inside recent 20-bar high/resistance=6.541000. Future filter would block this candidate.
2026-07-12T21:01:20.440895+00:00,DOGE/USDT,SHORT,SETUP,25,100,D,CONFIDENCE_GT_90_SL_QUALITY_D,Dry-run only: confidence=100.0 > 90 and sl_quality=D. Dry-run only: DOGE/USDT SHORT prospective SL=0.073823 is inside recent 20-bar high/resistance=0.073900. Future filter would block this candidate.
2026-07-12T21:07:04.810930+00:00,AVAX/USDT,SHORT,SETUP,25,100,D,CONFIDENCE_GT_90_SL_QUALITY_D,Dry-run only: confidence=100.0 > 90 and sl_quality=D. Dry-run only: AVAX/USDT SHORT prospective SL=6.516789 is inside recent 20-bar high/resistance=6.541000. Future filter would block this candidate.
2026-07-12T21:12:29.814976+00:00,AVAX/USDT,SHORT,SETUP,25,100,D,CONFIDENCE_GT_90_SL_QUALITY_D,Dry-run only: confidence=100.0 > 90 and sl_quality=D. Dry-run only: AVAX/USDT SHORT prospective SL=6.515932 is inside recent 20-bar high/resistance=6.541000. Future filter would block this candidate.
2026-07-12T21:12:30.821191+00:00,DOGE/USDT,SHORT,WAIT,21,95,D,CONFIDENCE_GT_90_SL_QUALITY_D,Dry-run only: confidence=95.0 > 90 and sl_quality=D. Dry-run only: DOGE/USDT SHORT prospective SL=0.073794 is inside recent 20-bar high/resistance=0.073900. Future filter would block this candidate.
2026-07-12T21:18:54.362719+00:00,XRP/USDT,SHORT,SETUP,25,100,D,CONFIDENCE_GT_90_SL_QUALITY_D,Dry-run only: confidence=100.0 > 90 and sl_quality=D. Dry-run only: XRP/USDT SHORT prospective SL=1.103491 is inside recent 20-bar high/resistance=1.104200. Future filter would block this candidate.
2026-07-12T21:19:15.628851+00:00,AVAX/USDT,SHORT,SETUP,25,100,D,CONFIDENCE_GT_90_SL_QUALITY_D,Dry-run only: confidence=100.0 > 90 and sl_quality=D. Dry-run only: AVAX/USDT SHORT prospective SL=6.502218 is inside recent 20-bar high/resistance=6.541000. Future filter would block this candidate.
2026-07-12T21:19:16.816942+00:00,DOGE/USDT,SHORT,WAIT,21,95,D,CONFIDENCE_GT_90_SL_QUALITY_D,Dry-run only: confidence=95.0 > 90 and sl_quality=D. Dry-run only: DOGE/USDT SHORT prospective SL=0.073747 is inside recent 20-bar high/resistance=0.073900. Future filter would block this candidate.
2026-07-12T21:24:33.724142+00:00,XRP/USDT,SHORT,WAIT,21,95,D,CONFIDENCE_GT_90_SL_QUALITY_D,Dry-run only: confidence=95.0 > 90 and sl_quality=D. Dry-run only: XRP/USDT SHORT prospective SL=1.100841 is inside recent 20-bar high/resistance=1.104200. Future filter would block this candidate.
2026-07-12T21:24:37.064668+00:00,AVAX/USDT,SHORT,WAIT,21,95,D,CONFIDENCE_GT_90_SL_QUALITY_D,Dry-run only: confidence=95.0 > 90 and sl_quality=D. Dry-run only: AVAX/USDT SHORT prospective SL=6.494860 is inside recent 20-bar high/resistance=6.541000. Future filter would block this candidate.
2026-07-12T21:24:38.087341+00:00,DOGE/USDT,SHORT,WAIT,21,95,D,CONFIDENCE_GT_90_SL_QUALITY_D,Dry-run only: confidence=95.0 > 90 and sl_quality=D. Dry-run only: DOGE/USDT SHORT prospective SL=0.073604 is inside recent 20-bar high/resistance=0.073900. Future filter would block this candidate.
2026-07-12T21:29:56.735530+00:00,XRP/USDT,SHORT,WAIT,21,95,D,CONFIDENCE_GT_90_SL_QUALITY_D,Dry-run only: confidence=95.0 > 90 and sl_quality=D. Dry-run only: XRP/USDT SHORT prospective SL=1.100941 is inside recent 20-bar high/resistance=1.104200. Future filter would block this candidate.
2026-07-12T21:29:59.996980+00:00,AVAX/USDT,SHORT,WAIT,21,95,D,CONFIDENCE_GT_90_SL_QUALITY_D,Dry-run only: confidence=95.0 > 90 and sl_quality=D. Dry-run only: AVAX/USDT SHORT prospective SL=6.492789 is inside recent 20-bar high/resistance=6.541000. Future filter would block this candidate.
2026-07-12T21:30:00.894185+00:00,DOGE/USDT,SHORT,WAIT,21,95,D,CONFIDENCE_GT_90_SL_QUALITY_D,Dry-run only: confidence=95.0 > 90 and sl_quality=D. Dry-run only: DOGE/USDT SHORT prospective SL=0.073544 is inside recent 20-bar high/resistance=0.073900. Future filter would block this candidate.
2026-07-12T21:58:53.562659+00:00,XRP/USDT,SHORT,WAIT,21,95,D,CONFIDENCE_GT_90_SL_QUALITY_D,Dry-run only: confidence=95.0 > 90 and sl_quality=D. Dry-run only: XRP/USDT SHORT prospective SL=1.099377 is inside recent 20-bar high/resistance=1.104200. Future filter would block this candidate.
2026-07-12T21:58:57.824545+00:00,AVAX/USDT,SHORT,WAIT,21,95,D,CONFIDENCE_GT_90_SL_QUALITY_D,Dry-run only: confidence=95.0 > 90 and sl_quality=D. Dry-run only: AVAX/USDT SHORT prospective SL=6.478503 is inside recent 20-bar high/resistance=6.541000. Future filter would block this candidate.
2026-07-12T21:58:58.984799+00:00,DOGE/USDT,SHORT,WAIT,21,95,D,CONFIDENCE_GT_90_SL_QUALITY_D,Dry-run only: confidence=95.0 > 90 and sl_quality=D. Dry-run only: DOGE/USDT SHORT prospective SL=0.073510 is inside recent 20-bar high/resistance=0.073900. Future filter would block this candidate.
2026-07-13T02:11:13.016575+00:00,AVAX/USDT,SHORT,WAIT,21,95,D,CONFIDENCE_GT_90_SL_QUALITY_D,Dry-run only: confidence=95.0 > 90 and sl_quality=D. Dry-run only: AVAX/USDT SHORT prospective SL=6.470066 is inside recent 20-bar high/resistance=6.561000. Future filter would block this candidate.
2026-07-13T06:04:13.490448+00:00,ADA/USDT,SHORT,WATCH,24,100,D,CONFIDENCE_GT_90_SL_QUALITY_D,Dry-run only: confidence=100.0 > 90 and sl_quality=D. Dry-run only: ADA/USDT SHORT prospective SL=0.161691 is inside recent 20-bar high/resistance=0.165400. Future filter would block this candidate.
2026-07-13T11:43:57.032211+00:00,XRP/USDT,SHORT,WATCH,24,98,D,CONFIDENCE_GT_90_SL_QUALITY_D,Dry-run only: confidence=98.0 > 90 and sl_quality=D. Dry-run only: XRP/USDT SHORT prospective SL=1.084756 is inside recent 20-bar high/resistance=1.103900. Future filter would block this candidate.
2026-07-13T13:21:31.800360+00:00,SOL/USDT,SHORT,HIGH PRIORITY,29,100,D,CONFIDENCE_GT_90_SL_QUALITY_D,Dry-run only: confidence=100.0 > 90 and sl_quality=D. Dry-run only: SOL/USDT SHORT prospective SL=76.099513 is inside recent 20-bar high/resistance=78.220000. Future filter would block this candidate.
2026-07-13T13:55:50.458437+00:00,SOL/USDT,SHORT,HIGH PRIORITY,29,100,D,CONFIDENCE_GT_90_SL_QUALITY_D,Dry-run only: confidence=100.0 > 90 and sl_quality=D. Dry-run only: SOL/USDT SHORT prospective SL=75.878084 is inside recent 20-bar high/resistance=78.220000. Future filter would block this candidate.
2026-07-13T14:14:00.385461+00:00,SOL/USDT,SHORT,HIGH PRIORITY,29,100,D,CONFIDENCE_GT_90_SL_QUALITY_D,Dry-run only: confidence=100.0 > 90 and sl_quality=D. Dry-run only: SOL/USDT SHORT prospective SL=76.266078 is inside recent 20-bar high/resistance=78.220000. Future filter would block this candidate.
2026-07-13T16:19:48.539153+00:00,SOL/USDT,SHORT,HIGH PRIORITY,29,100,D,CONFIDENCE_GT_90_SL_QUALITY_D,Dry-run only: confidence=100.0 > 90 and sl_quality=D. Dry-run only: SOL/USDT SHORT prospective SL=76.197850 is inside recent 20-bar high/resistance=78.220000. Future filter would block this candidate.
2026-07-13T16:25:17.378964+00:00,SOL/USDT,SHORT,HIGH PRIORITY,29,100,D,CONFIDENCE_GT_90_SL_QUALITY_D,Dry-run only: confidence=100.0 > 90 and sl_quality=D. Dry-run only: SOL/USDT SHORT prospective SL=76.085707 is inside recent 20-bar high/resistance=78.220000. Future filter would block this candidate.
2026-07-13T16:30:41.174566+00:00,SOL/USDT,SHORT,HIGH PRIORITY,29,100,D,CONFIDENCE_GT_90_SL_QUALITY_D,Dry-run only: confidence=100.0 > 90 and sl_quality=D. Dry-run only: SOL/USDT SHORT prospective SL=75.973564 is inside recent 20-bar high/resistance=78.220000. Future filter would block this candidate.
2026-07-13T16:36:06.125133+00:00,SOL/USDT,SHORT,HIGH PRIORITY,29,100,D,CONFIDENCE_GT_90_SL_QUALITY_D,Dry-run only: confidence=100.0 > 90 and sl_quality=D. Dry-run only: SOL/USDT SHORT prospective SL=75.891422 is inside recent 20-bar high/resistance=78.220000. Future filter would block this candidate.
2026-07-13T16:41:31.240709+00:00,SOL/USDT,SHORT,HIGH PRIORITY,29,100,D,CONFIDENCE_GT_90_SL_QUALITY_D,Dry-run only: confidence=100.0 > 90 and sl_quality=D. Dry-run only: SOL/USDT SHORT prospective SL=76.003564 is inside recent 20-bar high/resistance=78.220000. Future filter would block this candidate.
2026-07-13T16:46:55.865197+00:00,SOL/USDT,SHORT,HIGH PRIORITY,29,100,D,CONFIDENCE_GT_90_SL_QUALITY_D,Dry-run only: confidence=100.0 > 90 and sl_quality=D. Dry-run only: SOL/USDT SHORT prospective SL=76.073564 is inside recent 20-bar high/resistance=78.220000. Future filter would block this candidate.
2026-07-13T16:52:21.455117+00:00,SOL/USDT,SHORT,HIGH PRIORITY,29,100,D,CONFIDENCE_GT_90_SL_QUALITY_D,Dry-run only: confidence=100.0 > 90 and sl_quality=D. Dry-run only: SOL/USDT SHORT prospective SL=75.843564 is inside recent 20-bar high/resistance=78.220000. Future filter would block this candidate.
2026-07-13T16:57:47.439439+00:00,SOL/USDT,SHORT,HIGH PRIORITY,29,100,D,CONFIDENCE_GT_90_SL_QUALITY_D,Dry-run only: confidence=100.0 > 90 and sl_quality=D. Dry-run only: SOL/USDT SHORT prospective SL=75.837850 is inside recent 20-bar high/resistance=78.220000. Future filter would block this candidate.
2026-07-13T17:03:11.865134+00:00,SOL/USDT,SHORT,HIGH PRIORITY,29,100,D,CONFIDENCE_GT_90_SL_QUALITY_D,Dry-run only: confidence=100.0 > 90 and sl_quality=D. Dry-run only: SOL/USDT SHORT prospective SL=75.885861 is inside recent 20-bar high/resistance=78.220000. Future filter would block this candidate.
2026-07-13T17:08:37.207035+00:00,SOL/USDT,SHORT,HIGH PRIORITY,29,100,D,CONFIDENCE_GT_90_SL_QUALITY_D,Dry-run only: confidence=100.0 > 90 and sl_quality=D. Dry-run only: SOL/USDT SHORT prospective SL=75.881575 is inside recent 20-bar high/resistance=78.220000. Future filter would block this candidate.
2026-07-13T17:14:03.958594+00:00,SOL/USDT,SHORT,HIGH PRIORITY,29,100,D,CONFIDENCE_GT_90_SL_QUALITY_D,Dry-run only: confidence=100.0 > 90 and sl_quality=D. Dry-run only: SOL/USDT SHORT prospective SL=75.953004 is inside recent 20-bar high/resistance=78.220000. Future filter would block this candidate.
2026-07-13T17:19:29.174143+00:00,SOL/USDT,SHORT,HIGH PRIORITY,29,100,D,CONFIDENCE_GT_90_SL_QUALITY_D,Dry-run only: confidence=100.0 > 90 and sl_quality=D. Dry-run only: SOL/USDT SHORT prospective SL=75.953004 is inside recent 20-bar high/resistance=78.220000. Future filter would block this candidate.
2026-07-13T17:24:54.477404+00:00,SOL/USDT,SHORT,HIGH PRIORITY,29,100,D,CONFIDENCE_GT_90_SL_QUALITY_D,Dry-run only: confidence=100.0 > 90 and sl_quality=D. Dry-run only: SOL/USDT SHORT prospective SL=75.873004 is inside recent 20-bar high/resistance=78.220000. Future filter would block this candidate.
2026-07-13T17:30:22.067069+00:00,SOL/USDT,SHORT,HIGH PRIORITY,29,100,D,CONFIDENCE_GT_90_SL_QUALITY_D,Dry-run only: confidence=100.0 > 90 and sl_quality=D. Dry-run only: SOL/USDT SHORT prospective SL=75.883004 is inside recent 20-bar high/resistance=78.220000. Future filter would block this candidate.
2026-07-13T17:35:48.343936+00:00,SOL/USDT,SHORT,HIGH PRIORITY,29,100,D,CONFIDENCE_GT_90_SL_QUALITY_D,Dry-run only: confidence=100.0 > 90 and sl_quality=D. Dry-run only: SOL/USDT SHORT prospective SL=75.813004 is inside recent 20-bar high/resistance=78.220000. Future filter would block this candidate.
2026-07-13T17:41:12.715264+00:00,SOL/USDT,SHORT,HIGH PRIORITY,29,100,D,CONFIDENCE_GT_90_SL_QUALITY_D,Dry-run only: confidence=100.0 > 90 and sl_quality=D. Dry-run only: SOL/USDT SHORT prospective SL=75.676575 is inside recent 20-bar high/resistance=78.220000. Future filter would block this candidate.
2026-07-13T17:46:38.639783+00:00,SOL/USDT,SHORT,HIGH PRIORITY,29,100,D,CONFIDENCE_GT_90_SL_QUALITY_D,Dry-run only: confidence=100.0 > 90 and sl_quality=D. Dry-run only: SOL/USDT SHORT prospective SL=75.646575 is inside recent 20-bar high/resistance=78.220000. Future filter would block this candidate.
2026-07-13T17:52:05.235532+00:00,SOL/USDT,SHORT,HIGH PRIORITY,29,100,D,CONFIDENCE_GT_90_SL_QUALITY_D,Dry-run only: confidence=100.0 > 90 and sl_quality=D. Dry-run only: SOL/USDT SHORT prospective SL=75.456575 is inside recent 20-bar high/resistance=78.220000. Future filter would block this candidate.
2026-07-13T17:52:10.970978+00:00,AVAX/USDT,SHORT,WATCH,24,98,D,CONFIDENCE_GT_90_SL_QUALITY_D,Dry-run only: confidence=98.0 > 90 and sl_quality=D. Dry-run only: AVAX/USDT SHORT prospective SL=6.521959 is inside recent 20-bar high/resistance=6.683000. Future filter would block this candidate.
2026-07-13T18:03:00.702512+00:00,SOL/USDT,SHORT,HIGH PRIORITY,29,100,D,CONFIDENCE_GT_90_SL_QUALITY_D,Dry-run only: confidence=100.0 > 90 and sl_quality=D. Dry-run only: SOL/USDT SHORT prospective SL=75.329371 is inside recent 20-bar high/resistance=78.220000. Future filter would block this candidate.
2026-07-13T18:08:28.377214+00:00,SOL/USDT,SHORT,HIGH PRIORITY,29,100,D,CONFIDENCE_GT_90_SL_QUALITY_D,Dry-run only: confidence=100.0 > 90 and sl_quality=D. Dry-run only: SOL/USDT SHORT prospective SL=75.407228 is inside recent 20-bar high/resistance=78.220000. Future filter would block this candidate.
2026-07-13T18:13:54.789207+00:00,SOL/USDT,SHORT,HIGH PRIORITY,29,100,D,CONFIDENCE_GT_90_SL_QUALITY_D,Dry-run only: confidence=100.0 > 90 and sl_quality=D. Dry-run only: SOL/USDT SHORT prospective SL=75.367228 is inside recent 20-bar high/resistance=78.220000. Future filter would block this candidate.
2026-07-13T18:19:21.348290+00:00,SOL/USDT,SHORT,HIGH PRIORITY,29,100,D,CONFIDENCE_GT_90_SL_QUALITY_D,Dry-run only: confidence=100.0 > 90 and sl_quality=D. Dry-run only: SOL/USDT SHORT prospective SL=75.237228 is inside recent 20-bar high/resistance=78.220000. Future filter would block this candidate.
2026-07-13T18:25:17.205747+00:00,SOL/USDT,SHORT,HIGH PRIORITY,29,100,D,CONFIDENCE_GT_90_SL_QUALITY_D,Dry-run only: confidence=100.0 > 90 and sl_quality=D. Dry-run only: SOL/USDT SHORT prospective SL=75.460085 is inside recent 20-bar high/resistance=78.220000. Future filter would block this candidate.
2026-07-13T18:32:25.875308+00:00,SOL/USDT,SHORT,HIGH PRIORITY,29,100,D,CONFIDENCE_GT_90_SL_QUALITY_D,Dry-run only: confidence=100.0 > 90 and sl_quality=D. Dry-run only: SOL/USDT SHORT prospective SL=75.515085 is inside recent 20-bar high/resistance=78.220000. Future filter would block this candidate.
2026-07-13T18:37:55.017390+00:00,SOL/USDT,SHORT,HIGH PRIORITY,29,100,D,CONFIDENCE_GT_90_SL_QUALITY_D,Dry-run only: confidence=100.0 > 90 and sl_quality=D. Dry-run only: SOL/USDT SHORT prospective SL=75.445085 is inside recent 20-bar high/resistance=78.220000. Future filter would block this candidate.
2026-07-13T18:43:20.358935+00:00,SOL/USDT,SHORT,HIGH PRIORITY,29,100,D,CONFIDENCE_GT_90_SL_QUALITY_D,Dry-run only: confidence=100.0 > 90 and sl_quality=D. Dry-run only: SOL/USDT SHORT prospective SL=75.515085 is inside recent 20-bar high/resistance=78.220000. Future filter would block this candidate.
2026-07-13T18:48:52.845101+00:00,SOL/USDT,SHORT,HIGH PRIORITY,29,100,D,CONFIDENCE_GT_90_SL_QUALITY_D,Dry-run only: confidence=100.0 > 90 and sl_quality=D. Dry-run only: SOL/USDT SHORT prospective SL=75.515799 is inside recent 20-bar high/resistance=78.220000. Future filter would block this candidate.
2026-07-13T18:59:11.307055+00:00,SOL/USDT,SHORT,HIGH PRIORITY,29,100,D,CONFIDENCE_GT_90_SL_QUALITY_D,Dry-run only: confidence=100.0 > 90 and sl_quality=D. Dry-run only: SOL/USDT SHORT prospective SL=75.490799 is inside recent 20-bar high/resistance=78.220000. Future filter would block this candidate.
2026-07-13T19:04:35.107187+00:00,SOL/USDT,SHORT,HIGH PRIORITY,29,100,D,CONFIDENCE_GT_90_SL_QUALITY_D,Dry-run only: confidence=100.0 > 90 and sl_quality=D. Dry-run only: SOL/USDT SHORT prospective SL=75.412885 is inside recent 20-bar high/resistance=78.220000. Future filter would block this candidate.
2026-07-13T19:10:09.368329+00:00,SOL/USDT,SHORT,HIGH PRIORITY,29,100,D,CONFIDENCE_GT_90_SL_QUALITY_D,Dry-run only: confidence=100.0 > 90 and sl_quality=D. Dry-run only: SOL/USDT SHORT prospective SL=75.456457 is inside recent 20-bar high/resistance=78.220000. Future filter would block this candidate.
2026-07-13T19:15:33.435927+00:00,SOL/USDT,SHORT,HIGH PRIORITY,29,100,D,CONFIDENCE_GT_90_SL_QUALITY_D,Dry-run only: confidence=100.0 > 90 and sl_quality=D. Dry-run only: SOL/USDT SHORT prospective SL=75.486457 is inside recent 20-bar high/resistance=78.220000. Future filter would block this candidate.
2026-07-13T19:21:00.270504+00:00,SOL/USDT,SHORT,HIGH PRIORITY,29,100,D,CONFIDENCE_GT_90_SL_QUALITY_D,Dry-run only: confidence=100.0 > 90 and sl_quality=D. Dry-run only: SOL/USDT SHORT prospective SL=75.387885 is inside recent 20-bar high/resistance=78.220000. Future filter would block this candidate.
2026-07-13T19:26:25.258123+00:00,SOL/USDT,SHORT,HIGH PRIORITY,29,100,D,CONFIDENCE_GT_90_SL_QUALITY_D,Dry-run only: confidence=100.0 > 90 and sl_quality=D. Dry-run only: SOL/USDT SHORT prospective SL=75.440742 is inside recent 20-bar high/resistance=78.220000. Future filter would block this candidate.
2026-07-13T19:31:52.973699+00:00,SOL/USDT,SHORT,HIGH PRIORITY,29,100,D,CONFIDENCE_GT_90_SL_QUALITY_D,Dry-run only: confidence=100.0 > 90 and sl_quality=D. Dry-run only: SOL/USDT SHORT prospective SL=75.480742 is inside recent 20-bar high/resistance=78.220000. Future filter would block this candidate.
2026-07-13T19:37:26.459801+00:00,SOL/USDT,SHORT,HIGH PRIORITY,29,100,D,CONFIDENCE_GT_90_SL_QUALITY_D,Dry-run only: confidence=100.0 > 90 and sl_quality=D. Dry-run only: SOL/USDT SHORT prospective SL=75.607885 is inside recent 20-bar high/resistance=78.220000. Future filter would block this candidate.
2026-07-13T19:42:56.098478+00:00,SOL/USDT,SHORT,HIGH PRIORITY,29,100,D,CONFIDENCE_GT_90_SL_QUALITY_D,Dry-run only: confidence=100.0 > 90 and sl_quality=D. Dry-run only: SOL/USDT SHORT prospective SL=75.607885 is inside recent 20-bar high/resistance=78.220000. Future filter would block this candidate.
2026-07-13T19:48:23.161586+00:00,SOL/USDT,SHORT,HIGH PRIORITY,29,100,D,CONFIDENCE_GT_90_SL_QUALITY_D,Dry-run only: confidence=100.0 > 90 and sl_quality=D. Dry-run only: SOL/USDT SHORT prospective SL=75.527885 is inside recent 20-bar high/resistance=78.220000. Future filter would block this candidate.
2026-07-13T19:53:49.458425+00:00,SOL/USDT,SHORT,HIGH PRIORITY,29,100,D,CONFIDENCE_GT_90_SL_QUALITY_D,Dry-run only: confidence=100.0 > 90 and sl_quality=D. Dry-run only: SOL/USDT SHORT prospective SL=75.661457 is inside recent 20-bar high/resistance=78.220000. Future filter would block this candidate.
2026-07-13T19:59:17.507300+00:00,SOL/USDT,SHORT,HIGH PRIORITY,29,100,D,CONFIDENCE_GT_90_SL_QUALITY_D,Dry-run only: confidence=100.0 > 90 and sl_quality=D. Dry-run only: SOL/USDT SHORT prospective SL=75.759314 is inside recent 20-bar high/resistance=78.220000. Future filter would block this candidate.
2026-07-13T20:04:43.469698+00:00,SOL/USDT,SHORT,HIGH PRIORITY,29,100,D,CONFIDENCE_GT_90_SL_QUALITY_D,Dry-run only: confidence=100.0 > 90 and sl_quality=D. Dry-run only: SOL/USDT SHORT prospective SL=75.806455 is inside recent 20-bar high/resistance=77.670000. Future filter would block this candidate.
2026-07-13T20:04:50.699342+00:00,DOGE/USDT,SHORT,WATCH,24,100,D,CONFIDENCE_GT_90_SL_QUALITY_D,Dry-run only: confidence=100.0 > 90 and sl_quality=D. Dry-run only: DOGE/USDT SHORT prospective SL=0.072370 is inside recent 20-bar high/resistance=0.073470. Future filter would block this candidate.
2026-07-13T20:10:09.051734+00:00,SOL/USDT,SHORT,HIGH PRIORITY,29,100,D,CONFIDENCE_GT_90_SL_QUALITY_D,Dry-run only: confidence=100.0 > 90 and sl_quality=D. Dry-run only: SOL/USDT SHORT prospective SL=75.733597 is inside recent 20-bar high/resistance=77.670000. Future filter would block this candidate.
2026-07-13T20:10:14.815082+00:00,AVAX/USDT,SHORT,WATCH,24,98,D,CONFIDENCE_GT_90_SL_QUALITY_D,Dry-run only: confidence=98.0 > 90 and sl_quality=D. Dry-run only: AVAX/USDT SHORT prospective SL=6.540398 is inside recent 20-bar high/resistance=6.683000. Future filter would block this candidate.
2026-07-13T20:18:20.209552+00:00,SOL/USDT,SHORT,HIGH PRIORITY,29,100,D,CONFIDENCE_GT_90_SL_QUALITY_D,Dry-run only: confidence=100.0 > 90 and sl_quality=D. Dry-run only: SOL/USDT SHORT prospective SL=75.554312 is inside recent 20-bar high/resistance=77.670000. Future filter would block this candidate.
2026-07-13T20:23:46.678054+00:00,SOL/USDT,SHORT,HIGH PRIORITY,29,100,D,CONFIDENCE_GT_90_SL_QUALITY_D,Dry-run only: confidence=100.0 > 90 and sl_quality=D. Dry-run only: SOL/USDT SHORT prospective SL=75.526455 is inside recent 20-bar high/resistance=77.670000. Future filter would block this candidate.
2026-07-13T20:23:52.950882+00:00,AVAX/USDT,SHORT,WATCH,24,98,D,CONFIDENCE_GT_90_SL_QUALITY_D,Dry-run only: confidence=98.0 > 90 and sl_quality=D. Dry-run only: AVAX/USDT SHORT prospective SL=6.537255 is inside recent 20-bar high/resistance=6.683000. Future filter would block this candidate.
2026-07-13T20:29:13.418172+00:00,SOL/USDT,SHORT,HIGH PRIORITY,29,100,D,CONFIDENCE_GT_90_SL_QUALITY_D,Dry-run only: confidence=100.0 > 90 and sl_quality=D. Dry-run only: SOL/USDT SHORT prospective SL=75.566455 is inside recent 20-bar high/resistance=77.670000. Future filter would block this candidate.
2026-07-13T20:29:21.583316+00:00,AVAX/USDT,SHORT,WATCH,24,98,D,CONFIDENCE_GT_90_SL_QUALITY_D,Dry-run only: confidence=98.0 > 90 and sl_quality=D. Dry-run only: AVAX/USDT SHORT prospective SL=6.539255 is inside recent 20-bar high/resistance=6.683000. Future filter would block this candidate.
2026-07-13T20:29:23.025372+00:00,DOGE/USDT,SHORT,WATCH,24,100,D,CONFIDENCE_GT_90_SL_QUALITY_D,Dry-run only: confidence=100.0 > 90 and sl_quality=D. Dry-run only: DOGE/USDT SHORT prospective SL=0.072432 is inside recent 20-bar high/resistance=0.073470. Future filter would block this candidate.
2026-07-13T20:34:45.266429+00:00,SOL/USDT,SHORT,HIGH PRIORITY,29,100,D,CONFIDENCE_GT_90_SL_QUALITY_D,Dry-run only: confidence=100.0 > 90 and sl_quality=D. Dry-run only: SOL/USDT SHORT prospective SL=75.536455 is inside recent 20-bar high/resistance=77.670000. Future filter would block this candidate.
2026-07-13T20:34:56.408930+00:00,DOGE/USDT,SHORT,WATCH,24,100,D,CONFIDENCE_GT_90_SL_QUALITY_D,Dry-run only: confidence=100.0 > 90 and sl_quality=D. Dry-run only: DOGE/USDT SHORT prospective SL=0.072342 is inside recent 20-bar high/resistance=0.073470. Future filter would block this candidate.
2026-07-13T20:40:21.819474+00:00,SOL/USDT,SHORT,HIGH PRIORITY,29,100,D,CONFIDENCE_GT_90_SL_QUALITY_D,Dry-run only: confidence=100.0 > 90 and sl_quality=D. Dry-run only: SOL/USDT SHORT prospective SL=75.456455 is inside recent 20-bar high/resistance=77.670000. Future filter would block this candidate.
2026-07-13T20:40:30.332186+00:00,DOGE/USDT,SHORT,WATCH,24,100,D,CONFIDENCE_GT_90_SL_QUALITY_D,Dry-run only: confidence=100.0 > 90 and sl_quality=D. Dry-run only: DOGE/USDT SHORT prospective SL=0.072352 is inside recent 20-bar high/resistance=0.073470. Future filter would block this candidate.
2026-07-13T20:45:54.466350+00:00,SOL/USDT,SHORT,HIGH PRIORITY,29,100,D,CONFIDENCE_GT_90_SL_QUALITY_D,Dry-run only: confidence=100.0 > 90 and sl_quality=D. Dry-run only: SOL/USDT SHORT prospective SL=75.295026 is inside recent 20-bar high/resistance=77.670000. Future filter would block this candidate.
2026-07-13T20:51:21.853485+00:00,SOL/USDT,SHORT,HIGH PRIORITY,29,100,D,CONFIDENCE_GT_90_SL_QUALITY_D,Dry-run only: confidence=100.0 > 90 and sl_quality=D. Dry-run only: SOL/USDT SHORT prospective SL=75.250740 is inside recent 20-bar high/resistance=77.670000. Future filter would block this candidate.
2026-07-13T20:56:47.792719+00:00,SOL/USDT,SHORT,HIGH PRIORITY,29,100,D,CONFIDENCE_GT_90_SL_QUALITY_D,Dry-run only: confidence=100.0 > 90 and sl_quality=D. Dry-run only: SOL/USDT SHORT prospective SL=75.380740 is inside recent 20-bar high/resistance=77.670000. Future filter would block this candidate.
2026-07-13T21:02:14.577388+00:00,SOL/USDT,SHORT,HIGH PRIORITY,29,100,D,CONFIDENCE_GT_90_SL_QUALITY_D,Dry-run only: confidence=100.0 > 90 and sl_quality=D. Dry-run only: SOL/USDT SHORT prospective SL=75.330687 is inside recent 20-bar high/resistance=76.880000. Future filter would block this candidate.
2026-07-13T21:07:50.009961+00:00,SOL/USDT,SHORT,HIGH PRIORITY,29,100,D,CONFIDENCE_GT_90_SL_QUALITY_D,Dry-run only: confidence=100.0 > 90 and sl_quality=D. Dry-run only: SOL/USDT SHORT prospective SL=75.285687 is inside recent 20-bar high/resistance=76.880000. Future filter would block this candidate.
2026-07-13T21:08:02.456417+00:00,DOGE/USDT,SHORT,WATCH,24,100,D,CONFIDENCE_GT_90_SL_QUALITY_D,Dry-run only: confidence=100.0 > 90 and sl_quality=D. Dry-run only: DOGE/USDT SHORT prospective SL=0.072213 is inside recent 20-bar high/resistance=0.072920. Future filter would block this candidate.
2026-07-13T21:13:35.788562+00:00,SOL/USDT,SHORT,HIGH PRIORITY,29,100,D,CONFIDENCE_GT_90_SL_QUALITY_D,Dry-run only: confidence=100.0 > 90 and sl_quality=D. Dry-run only: SOL/USDT SHORT prospective SL=75.072116 is inside recent 20-bar high/resistance=76.880000. Future filter would block this candidate.
2026-07-13T21:19:02.674225+00:00,SOL/USDT,SHORT,HIGH PRIORITY,29,100,D,CONFIDENCE_GT_90_SL_QUALITY_D,Dry-run only: confidence=100.0 > 90 and sl_quality=D. Dry-run only: SOL/USDT SHORT prospective SL=75.113545 is inside recent 20-bar high/resistance=76.880000. Future filter would block this candidate.
2026-07-13T21:24:30.287894+00:00,SOL/USDT,SHORT,HIGH PRIORITY,29,100,D,CONFIDENCE_GT_90_SL_QUALITY_D,Dry-run only: confidence=100.0 > 90 and sl_quality=D. Dry-run only: SOL/USDT SHORT prospective SL=75.163545 is inside recent 20-bar high/resistance=76.880000. Future filter would block this candidate.
2026-07-13T21:24:43.122895+00:00,DOGE/USDT,SHORT,WATCH,24,100,D,CONFIDENCE_GT_90_SL_QUALITY_D,Dry-run only: confidence=100.0 > 90 and sl_quality=D. Dry-run only: DOGE/USDT SHORT prospective SL=0.072185 is inside recent 20-bar high/resistance=0.072920. Future filter would block this candidate.
2026-07-13T21:30:01.988215+00:00,SOL/USDT,SHORT,HIGH PRIORITY,29,100,D,CONFIDENCE_GT_90_SL_QUALITY_D,Dry-run only: confidence=100.0 > 90 and sl_quality=D. Dry-run only: SOL/USDT SHORT prospective SL=75.093545 is inside recent 20-bar high/resistance=76.880000. Future filter would block this candidate.
2026-07-13T21:58:19.968486+00:00,SOL/USDT,SHORT,HIGH PRIORITY,29,100,D,CONFIDENCE_GT_90_SL_QUALITY_D,Dry-run only: confidence=100.0 > 90 and sl_quality=D. Dry-run only: SOL/USDT SHORT prospective SL=75.047116 is inside recent 20-bar high/resistance=76.880000. Future filter would block this candidate.
2026-07-13T22:03:57.468852+00:00,SOL/USDT,SHORT,HIGH PRIORITY,29,100,D,CONFIDENCE_GT_90_SL_QUALITY_D,Dry-run only: confidence=100.0 > 90 and sl_quality=D. Dry-run only: SOL/USDT SHORT prospective SL=75.202322 is inside recent 20-bar high/resistance=76.880000. Future filter would block this candidate.
2026-07-13T22:03:58.468531+00:00,BNB/USDT,SHORT,WATCH,24,100,D,CONFIDENCE_GT_90_SL_QUALITY_D,Dry-run only: confidence=100.0 > 90 and sl_quality=D. Dry-run only: BNB/USDT SHORT prospective SL=568.537873 is inside recent 20-bar high/resistance=571.900000. Future filter would block this candidate.
2026-07-13T22:04:02.850472+00:00,AVAX/USDT,SHORT,WATCH,24,98,D,CONFIDENCE_GT_90_SL_QUALITY_D,Dry-run only: confidence=98.0 > 90 and sl_quality=D. Dry-run only: AVAX/USDT SHORT prospective SL=6.497389 is inside recent 20-bar high/resistance=6.683000. Future filter would block this candidate.
2026-07-13T22:04:04.019198+00:00,DOGE/USDT,SHORT,WATCH,24,98,D,CONFIDENCE_GT_90_SL_QUALITY_D,Dry-run only: confidence=98.0 > 90 and sl_quality=D. Dry-run only: DOGE/USDT SHORT prospective SL=0.072164 is inside recent 20-bar high/resistance=0.072780. Future filter would block this candidate.
2026-07-13T22:12:11.280497+00:00,SOL/USDT,SHORT,HIGH PRIORITY,29,100,D,CONFIDENCE_GT_90_SL_QUALITY_D,Dry-run only: confidence=100.0 > 90 and sl_quality=D. Dry-run only: SOL/USDT SHORT prospective SL=75.202322 is inside recent 20-bar high/resistance=76.880000. Future filter would block this candidate.
2026-07-13T22:13:08.724208+00:00,BNB/USDT,SHORT,WATCH,24,100,D,CONFIDENCE_GT_90_SL_QUALITY_D,Dry-run only: confidence=100.0 > 90 and sl_quality=D. Dry-run only: BNB/USDT SHORT prospective SL=568.537873 is inside recent 20-bar high/resistance=571.900000. Future filter would block this candidate.
2026-07-13T22:17:11.299649+00:00,AVAX/USDT,SHORT,WATCH,24,98,D,CONFIDENCE_GT_90_SL_QUALITY_D,Dry-run only: confidence=98.0 > 90 and sl_quality=D. Dry-run only: AVAX/USDT SHORT prospective SL=6.497389 is inside recent 20-bar high/resistance=6.683000. Future filter would block this candidate.
2026-07-13T22:18:06.279197+00:00,DOGE/USDT,SHORT,WATCH,24,98,D,CONFIDENCE_GT_90_SL_QUALITY_D,Dry-run only: confidence=98.0 > 90 and sl_quality=D. Dry-run only: DOGE/USDT SHORT prospective SL=0.072164 is inside recent 20-bar high/resistance=0.072780. Future filter would block this candidate.
2026-07-13T22:24:33.099610+00:00,SOL/USDT,SHORT,HIGH PRIORITY,29,100,D,CONFIDENCE_GT_90_SL_QUALITY_D,Dry-run only: confidence=100.0 > 90 and sl_quality=D. Dry-run only: SOL/USDT SHORT prospective SL=75.207322 is inside recent 20-bar high/resistance=76.880000. Future filter would block this candidate.
2026-07-13T22:24:34.937556+00:00,BNB/USDT,SHORT,WATCH,24,100,D,CONFIDENCE_GT_90_SL_QUALITY_D,Dry-run only: confidence=100.0 > 90 and sl_quality=D. Dry-run only: BNB/USDT SHORT prospective SL=568.659302 is inside recent 20-bar high/resistance=571.900000. Future filter would block this candidate.
2026-07-13T22:25:25.192178+00:00,AVAX/USDT,SHORT,WATCH,24,98,D,CONFIDENCE_GT_90_SL_QUALITY_D,Dry-run only: confidence=98.0 > 90 and sl_quality=D. Dry-run only: AVAX/USDT SHORT prospective SL=6.491675 is inside recent 20-bar high/resistance=6.683000. Future filter would block this candidate.
2026-07-13T22:33:40.503893+00:00,SOL/USDT,SHORT,HIGH PRIORITY,29,100,D,CONFIDENCE_GT_90_SL_QUALITY_D,Dry-run only: confidence=100.0 > 90 and sl_quality=D. Dry-run only: SOL/USDT SHORT prospective SL=75.207322 is inside recent 20-bar high/resistance=76.880000. Future filter would block this candidate.
2026-07-13T22:34:35.371594+00:00,BNB/USDT,SHORT,WATCH,24,100,D,CONFIDENCE_GT_90_SL_QUALITY_D,Dry-run only: confidence=100.0 > 90 and sl_quality=D. Dry-run only: BNB/USDT SHORT prospective SL=568.659302 is inside recent 20-bar high/resistance=571.900000. Future filter would block this candidate.
2026-07-13T22:38:30.780110+00:00,AVAX/USDT,SHORT,WATCH,24,98,D,CONFIDENCE_GT_90_SL_QUALITY_D,Dry-run only: confidence=98.0 > 90 and sl_quality=D. Dry-run only: AVAX/USDT SHORT prospective SL=6.491675 is inside recent 20-bar high/resistance=6.683000. Future filter would block this candidate.
2026-07-14T03:34:19.148329+00:00,SOL/USDT,SHORT,HIGH PRIORITY,29,100,D,CONFIDENCE_GT_90_SL_QUALITY_D,Dry-run only: confidence=100.0 > 90 and sl_quality=D. Dry-run only: SOL/USDT SHORT prospective SL=75.207322 is inside recent 20-bar high/resistance=76.880000. Future filter would block this candidate.
2026-07-14T04:01:17.381744+00:00,BNB/USDT,SHORT,WATCH,24,100,D,CONFIDENCE_GT_90_SL_QUALITY_D,Dry-run only: confidence=100.0 > 90 and sl_quality=D. Dry-run only: BNB/USDT SHORT prospective SL=568.659302 is inside recent 20-bar high/resistance=571.900000. Future filter would block this candidate.
2026-07-14T07:04:10.775433+00:00,AVAX/USDT,SHORT,WATCH,24,98,D,CONFIDENCE_GT_90_SL_QUALITY_D,Dry-run only: confidence=98.0 > 90 and sl_quality=D. Dry-run only: AVAX/USDT SHORT prospective SL=6.491675 is inside recent 20-bar high/resistance=6.683000. Future filter would block this candidate.
2026-07-14T07:13:03.990948+00:00,SOL/USDT,SHORT,HIGH PRIORITY,29,100,D,CONFIDENCE_GT_90_SL_QUALITY_D,Dry-run only: confidence=100.0 > 90 and sl_quality=D. Dry-run only: SOL/USDT SHORT prospective SL=75.207322 is inside recent 20-bar high/resistance=76.880000. Future filter would block this candidate.
2026-07-14T07:14:00.283528+00:00,BNB/USDT,SHORT,WATCH,24,100,D,CONFIDENCE_GT_90_SL_QUALITY_D,Dry-run only: confidence=100.0 > 90 and sl_quality=D. Dry-run only: BNB/USDT SHORT prospective SL=568.659302 is inside recent 20-bar high/resistance=571.900000. Future filter would block this candidate.
2026-07-14T07:19:52.943784+00:00,AVAX/USDT,SHORT,WATCH,24,98,D,CONFIDENCE_GT_90_SL_QUALITY_D,Dry-run only: confidence=98.0 > 90 and sl_quality=D. Dry-run only: AVAX/USDT SHORT prospective SL=6.491675 is inside recent 20-bar high/resistance=6.683000. Future filter would block this candidate.
2026-07-14T07:27:52.045268+00:00,SOL/USDT,SHORT,HIGH PRIORITY,29,100,D,CONFIDENCE_GT_90_SL_QUALITY_D,Dry-run only: confidence=100.0 > 90 and sl_quality=D. Dry-run only: SOL/USDT SHORT prospective SL=75.207322 is inside recent 20-bar high/resistance=76.880000. Future filter would block this candidate.
2026-07-14T07:28:47.413791+00:00,BNB/USDT,SHORT,WATCH,24,100,D,CONFIDENCE_GT_90_SL_QUALITY_D,Dry-run only: confidence=100.0 > 90 and sl_quality=D. Dry-run only: BNB/USDT SHORT prospective SL=568.659302 is inside recent 20-bar high/resistance=571.900000. Future filter would block this candidate.
2026-07-14T07:32:26.289928+00:00,AVAX/USDT,SHORT,WATCH,24,98,D,CONFIDENCE_GT_90_SL_QUALITY_D,Dry-run only: confidence=98.0 > 90 and sl_quality=D. Dry-run only: AVAX/USDT SHORT prospective SL=6.491675 is inside recent 20-bar high/resistance=6.683000. Future filter would block this candidate.
2026-07-14T07:41:42.592269+00:00,SOL/USDT,SHORT,HIGH PRIORITY,29,100,D,CONFIDENCE_GT_90_SL_QUALITY_D,Dry-run only: confidence=100.0 > 90 and sl_quality=D. Dry-run only: SOL/USDT SHORT prospective SL=75.207322 is inside recent 20-bar high/resistance=76.880000. Future filter would block this candidate.
2026-07-14T07:42:37.908324+00:00,BNB/USDT,SHORT,WATCH,24,100,D,CONFIDENCE_GT_90_SL_QUALITY_D,Dry-run only: confidence=100.0 > 90 and sl_quality=D. Dry-run only: BNB/USDT SHORT prospective SL=568.659302 is inside recent 20-bar high/resistance=571.900000. Future filter would block this candidate.
2026-07-14T07:53:02.371802+00:00,SOL/USDT,SHORT,SETUP,26,100,D,CONFIDENCE_GT_90_SL_QUALITY_D,Dry-run only: confidence=100.0 > 90 and sl_quality=D. Dry-run only: SOL/USDT SHORT prospective SL=75.513487 is inside recent 20-bar high/resistance=76.390000. Future filter would block this candidate.
2026-07-14T07:53:07.478918+00:00,XRP/USDT,SHORT,WAIT,21,95,D,CONFIDENCE_GT_90_SL_QUALITY_D,Dry-run only: confidence=95.0 > 90 and sl_quality=D. Dry-run only: XRP/USDT SHORT prospective SL=1.074876 is inside recent 20-bar high/resistance=1.080400. Future filter would block this candidate.
2026-07-14T07:53:10.932826+00:00,ADA/USDT,SHORT,SETUP,25,98,D,CONFIDENCE_GT_90_SL_QUALITY_D,Dry-run only: confidence=98.0 > 90 and sl_quality=D. Dry-run only: ADA/USDT SHORT prospective SL=0.160108 is inside recent 20-bar high/resistance=0.160400. Future filter would block this candidate.
2026-07-14T09:26:33.516349+00:00,SOL/USDT,SHORT,SETUP,26,100,D,CONFIDENCE_GT_90_SL_QUALITY_D,Dry-run only: confidence=100.0 > 90 and sl_quality=D. Dry-run only: SOL/USDT SHORT prospective SL=75.513487 is inside recent 20-bar high/resistance=76.390000. Future filter would block this candidate.
2026-07-14T09:28:21.996932+00:00,XRP/USDT,SHORT,WAIT,21,95,D,CONFIDENCE_GT_90_SL_QUALITY_D,Dry-run only: confidence=95.0 > 90 and sl_quality=D. Dry-run only: XRP/USDT SHORT prospective SL=1.074876 is inside recent 20-bar high/resistance=1.080400. Future filter would block this candidate.
2026-07-14T09:30:13.110183+00:00,ADA/USDT,SHORT,SETUP,25,98,D,CONFIDENCE_GT_90_SL_QUALITY_D,Dry-run only: confidence=98.0 > 90 and sl_quality=D. Dry-run only: ADA/USDT SHORT prospective SL=0.160108 is inside recent 20-bar high/resistance=0.160400. Future filter would block this candidate.
2026-07-14T11:51:46.208296+00:00,SOL/USDT,SHORT,SETUP,26,100,D,CONFIDENCE_GT_90_SL_QUALITY_D,Dry-run only: confidence=100.0 > 90 and sl_quality=D. Dry-run only: SOL/USDT SHORT prospective SL=75.513487 is inside recent 20-bar high/resistance=76.390000. Future filter would block this candidate.
2026-07-14T11:53:39.770827+00:00,XRP/USDT,SHORT,WAIT,21,95,D,CONFIDENCE_GT_90_SL_QUALITY_D,Dry-run only: confidence=95.0 > 90 and sl_quality=D. Dry-run only: XRP/USDT SHORT prospective SL=1.074876 is inside recent 20-bar high/resistance=1.080400. Future filter would block this candidate.
2026-07-14T11:55:39.013442+00:00,ADA/USDT,SHORT,SETUP,25,98,D,CONFIDENCE_GT_90_SL_QUALITY_D,Dry-run only: confidence=98.0 > 90 and sl_quality=D. Dry-run only: ADA/USDT SHORT prospective SL=0.160108 is inside recent 20-bar high/resistance=0.160400. Future filter would block this candidate.
2026-07-14T12:05:35.954042+00:00,SOL/USDT,SHORT,SETUP,26,100,D,CONFIDENCE_GT_90_SL_QUALITY_D,Dry-run only: confidence=100.0 > 90 and sl_quality=D. Dry-run only: SOL/USDT SHORT prospective SL=75.513487 is inside recent 20-bar high/resistance=76.390000. Future filter would block this candidate.
2026-07-14T12:07:29.510510+00:00,XRP/USDT,SHORT,WAIT,21,95,D,CONFIDENCE_GT_90_SL_QUALITY_D,Dry-run only: confidence=95.0 > 90 and sl_quality=D. Dry-run only: XRP/USDT SHORT prospective SL=1.074876 is inside recent 20-bar high/resistance=1.080400. Future filter would block this candidate.
2026-07-14T12:10:09.104271+00:00,ADA/USDT,SHORT,SETUP,25,98,D,CONFIDENCE_GT_90_SL_QUALITY_D,Dry-run only: confidence=98.0 > 90 and sl_quality=D. Dry-run only: ADA/USDT SHORT prospective SL=0.160108 is inside recent 20-bar high/resistance=0.160400. Future filter would block this candidate.
2026-07-14T12:22:26.580657+00:00,SOL/USDT,SHORT,SETUP,26,100,D,CONFIDENCE_GT_90_SL_QUALITY_D,Dry-run only: confidence=100.0 > 90 and sl_quality=D. Dry-run only: SOL/USDT SHORT prospective SL=75.513487 is inside recent 20-bar high/resistance=76.390000. Future filter would block this candidate.
2026-07-14T12:24:24.766800+00:00,XRP/USDT,SHORT,WAIT,21,95,D,CONFIDENCE_GT_90_SL_QUALITY_D,Dry-run only: confidence=95.0 > 90 and sl_quality=D. Dry-run only: XRP/USDT SHORT prospective SL=1.074876 is inside recent 20-bar high/resistance=1.080400. Future filter would block this candidate.
2026-07-14T12:26:17.507572+00:00,ADA/USDT,SHORT,SETUP,25,98,D,CONFIDENCE_GT_90_SL_QUALITY_D,Dry-run only: confidence=98.0 > 90 and sl_quality=D. Dry-run only: ADA/USDT SHORT prospective SL=0.160108 is inside recent 20-bar high/resistance=0.160400. Future filter would block this candidate.
2026-07-14T12:36:37.633962+00:00,SOL/USDT,SHORT,SETUP,26,100,D,CONFIDENCE_GT_90_SL_QUALITY_D,Dry-run only: confidence=100.0 > 90 and sl_quality=D. Dry-run only: SOL/USDT SHORT prospective SL=75.513487 is inside recent 20-bar high/resistance=76.390000. Future filter would block this candidate.
2026-07-14T12:38:27.227851+00:00,XRP/USDT,SHORT,WAIT,21,95,D,CONFIDENCE_GT_90_SL_QUALITY_D,Dry-run only: confidence=95.0 > 90 and sl_quality=D. Dry-run only: XRP/USDT SHORT prospective SL=1.074876 is inside recent 20-bar high/resistance=1.080400. Future filter would block this candidate.
2026-07-14T12:48:26.074219+00:00,ADA/USDT,SHORT,SETUP,25,98,D,CONFIDENCE_GT_90_SL_QUALITY_D,Dry-run only: confidence=98.0 > 90 and sl_quality=D. Dry-run only: ADA/USDT SHORT prospective SL=0.160108 is inside recent 20-bar high/resistance=0.160400. Future filter would block this candidate.
2026-07-14T12:58:13.683619+00:00,SOL/USDT,SHORT,SETUP,26,100,D,CONFIDENCE_GT_90_SL_QUALITY_D,Dry-run only: confidence=100.0 > 90 and sl_quality=D. Dry-run only: SOL/USDT SHORT prospective SL=75.513487 is inside recent 20-bar high/resistance=76.390000. Future filter would block this candidate.
2026-07-14T13:00:02.065061+00:00,XRP/USDT,SHORT,WAIT,21,95,D,CONFIDENCE_GT_90_SL_QUALITY_D,Dry-run only: confidence=95.0 > 90 and sl_quality=D. Dry-run only: XRP/USDT SHORT prospective SL=1.074876 is inside recent 20-bar high/resistance=1.080400. Future filter would block this candidate.
2026-07-14T13:01:53.783477+00:00,ADA/USDT,SHORT,SETUP,25,98,D,CONFIDENCE_GT_90_SL_QUALITY_D,Dry-run only: confidence=98.0 > 90 and sl_quality=D. Dry-run only: ADA/USDT SHORT prospective SL=0.160108 is inside recent 20-bar high/resistance=0.160400. Future filter would block this candidate.
