symbol,rows,no_trade_count,score_zero_count,near_setup_count,average_confidence,average_score,average_weighted_score,average_diff,max_weighted_score,max_diff,primary_blocker,latest_confidence,latest_score,latest_weighted_score,latest_diff,latest_signal
ADA/USDT,10,10,10,0,53.9,0.0,21.0,1.3,21.0,3.0,Structure,59.0,0.0,21.0,3.0,NO TRADE
AVAX/USDT,10,10,10,0,58.4,0.0,21.0,2.8,21.0,4.0,Structure,62.0,0.0,21.0,4.0,NO TRADE
BNB/USDT,10,10,10,0,65.6,0.0,20.6,5.2,21.0,7.0,Risk,65.0,0.0,17.0,5.0,NO TRADE
BTC/USDT,10,10,10,0,65.6,0.0,21.0,5.2,21.0,6.0,Risk,62.0,0.0,21.0,4.0,NO TRADE
DOGE/USDT,10,10,10,1,63.5,0.0,20.9,4.5,21.0,9.0,Risk,77.0,0.0,20.0,9.0,NO TRADE
ETH/USDT,10,10,10,0,56.0,0.0,21.0,2.0,21.0,3.0,Structure,59.0,0.0,21.0,3.0,NO TRADE
LINK/USDT,10,10,10,1,66.5,0.0,20.9,5.5,21.0,9.0,Risk,77.0,0.0,20.0,9.0,NO TRADE
SOL/USDT,10,10,10,0,58.1,0.0,19.4,2.7,20.0,4.0,Risk,53.0,0.0,18.0,1.0,NO TRADE
XRP/USDT,10,10,10,0,61.1,0.0,20.7,3.7,21.0,4.0,Risk,53.0,0.0,18.0,1.0,NO TRADE
