symbol,direction,result,pnl,entry,stop_loss,take_profit,exit_price,opened_at,closed_at,matched_decision_time,decision,score,confidence,quality,primary_blocker,engine_most_wrong,bad_entry,late_entry,bad_sl_zone,counter_trend,confidence_overestimated,sl_atr,recent_range_position,mfe_pct,mae_pct,reasons,diagnosis
BTC/USDT,SHORT,LOSS,-577.0,60312.5,60698.35652886378,59540.78694227244,60889.5,2026-06-27T14:26:20.413799,2026-06-27T15:12:28.886189,2026-06-27T14:23:26.433221+00:00,SETUP,26.0,66.7,B,,Momentum,False,False,True,False,False,1.5903,64.74,0.0,1.0441,bad SL zone; Momentum disagreement,Momentum was the weakest engine; SHORT SL was inside recent resistance/high zone
ETH/USDT,SHORT,LOSS,0.0,1581.31,1592.6903647678707,1558.5492704642586,0.0,2026-06-27T14:26:22.415892,2026-06-27T14:23:27.983657,2026-06-27T14:23:27.253061+00:00,SETUP,26.0,66.7,B,,Momentum,True,False,True,False,False,1.7277,43.21,0.0,1.1136,bad entry; bad SL zone; Momentum disagreement,Momentum was the weakest engine; SHORT entered away from recent range high; SHORT SL was inside recent resistance/high zone
SOL/USDT,LONG,LOSS,0.0,71.73,70.97062200275049,73.24875599449904,0.0,2026-06-27T14:26:24.618466,2026-06-27T21:54:53.708641,2026-06-27T13:24:00.690573+00:00,WATCH,24.0,63.2,C,,Momentum,False,True,False,False,False,1.4309,14.01,2.0354,1.2826,late entry,Momentum was the weakest engine
ETH/USDT,SHORT,LOSS,-11.73,1578.43,1590.0128843862904,1555.2642312274195,1583.41,2026-06-27T19:27:10.038503,2026-06-28T08:41:08.075663,2026-06-27T19:27:10.034948+00:00,SETUP,26.0,70.3,B,,Risk,True,False,True,False,False,1.2716,17.68,1.0156,1.0675,bad entry; bad SL zone; Momentum disagreement,Risk was the weakest engine; SHORT entered away from recent range high; SHORT SL was inside recent resistance/high zone
BTC/USDT,SHORT,LOSS,-404.2,60091.8,60411.71542295299,59451.969154094026,60496.0,2026-06-27T22:05:01.578303,2026-06-28T08:41:08.075061,2026-06-27T22:05:01.575660+00:00,SETUP,26.0,76.5,B,,Risk,True,False,True,False,True,1.1876,22.38,0.5751,0.766,bad entry; bad SL zone; overestimated confidence; Momentum disagreement,Risk was the weakest engine; SHORT entered away from recent range high; SHORT SL was inside recent resistance/high zone; high confidence despite multiple failed engines
ETH/USDT,SHORT,LOSS,-11.73,1575.51,1586.3556646170232,1553.8186707659536,1583.41,2026-06-28T01:30:16.583295,2026-06-28T08:41:08.075663,2026-06-28T01:30:16.580079+00:00,SETUP,26.0,74.3,B,,Risk,True,False,True,False,False,1.0199,27.01,0.8181,0.6353,bad entry; bad SL zone; Momentum disagreement,Risk was the weakest engine; SHORT entered away from recent range high; SHORT SL was inside recent resistance/high zone
BTC/USDT,SHORT,LOSS,-404.2,60212.8,60508.386839020146,59621.626321959724,60496.0,2026-06-28T04:08:12.162651,2026-06-28T08:41:08.075061,2026-06-28T04:08:12.159903+00:00,SETUP,26.0,81.2,B,,Risk,True,False,True,False,True,1.055,33.42,0.7749,0.5635,bad entry; bad SL zone; overestimated confidence; Momentum disagreement,Risk was the weakest engine; SHORT entered away from recent range high; SHORT SL was inside recent resistance/high zone; high confidence despite multiple failed engines
ETH/USDT,SHORT,LOSS,-11.73,1571.68,1581.4235907116517,1552.1928185766967,1583.41,2026-06-28T07:31:57.404947,2026-06-28T08:41:08.075663,2026-06-28T07:31:57.401661+00:00,SETUP,26.0,70.3,B,,Risk,True,False,True,False,False,1.0184,19.12,0.2545,0.8806,bad entry; bad SL zone; Momentum disagreement,Risk was the weakest engine; SHORT entered away from recent range high; SHORT SL was inside recent resistance/high zone
ETH/USDT,SHORT,LOSS,-12.37,1573.33,1583.5940686292129,1552.8018627415743,1585.7,2026-06-28T21:36:55.672192,2026-06-29T03:10:02.924045,2026-06-28T21:36:55.671712+00:00,SETUP,25.0,100.0,B,,Momentum,False,False,True,False,True,0.9344,51.8,1.6061,1.0424,bad SL zone; overestimated confidence; Momentum disagreement,Momentum was the weakest engine; SHORT SL was inside recent resistance/high zone; very high confidence despite failed engine
BTC/USDT,SHORT,LOSS,-515.8,59297.0,59665.3513029234,58560.297394153204,59812.8,2026-06-28T23:10:42.619477,2026-06-28T23:41:18.223858,2026-06-28T23:10:42.616166+00:00,SETUP,26.0,98.0,B,,Risk,True,False,True,False,True,0.9006,24.59,0.4907,0.9265,bad entry; bad SL zone; overestimated confidence; Momentum disagreement,Risk was the weakest engine; SHORT entered away from recent range high; SHORT SL was inside recent resistance/high zone; very high confidence despite failed engine
ETH/USDT,SHORT,LOSS,-15.11,1579.36,1594.4596553116535,1549.1606893766927,1594.47,2026-06-29T03:40:36.306185,2026-06-29T12:19:37.386264,2026-06-29T03:40:36.303486+00:00,SETUP,26.0,100.0,B,,Momentum,False,False,True,False,True,0.896,75.11,1.0846,1.1239,bad SL zone; overestimated confidence; Momentum disagreement,Momentum was the weakest engine; SL distance was tight: 0.90 ATR; very high confidence despite failed engine
BTC/USDT,SHORT,LOSS,-560.8,59947.2,60411.43073029587,59018.73853940825,60508.0,2026-06-29T05:47:02.594428,2026-06-29T12:09:26.529917,2026-06-29T05:47:02.591100+00:00,HIGH PRIORITY,27.0,100.0,A,,Momentum,False,False,True,False,True,0.8434,67.39,0.9377,1.4213,bad SL zone; overestimated confidence; Momentum disagreement,Momentum was the weakest engine; SL distance was tight: 0.84 ATR; very high confidence despite failed engine
ETH/USDT,SHORT,LOSS,-35.06,1580.49,1596.9392721366853,1547.5914557266294,1615.55,2026-06-29T15:56:52.344739,2026-06-29T17:13:19.049773,2026-06-29T15:56:52.341878+00:00,SETUP,26.0,100.0,B,,Momentum,False,False,True,False,True,0.9765,66.12,1.199,3.6122,bad SL zone; overestimated confidence; Momentum disagreement,Momentum was the weakest engine; SHORT SL was inside recent resistance/high zone; very high confidence despite failed engine
BTC/USDT,SHORT,LOSS,-439.0,58536.8,58968.40342098995,57673.593158020114,58975.8,2026-06-30T14:59:39.773334,2026-07-01T01:45:47.918332,2026-06-30T14:59:39.769927+00:00,HIGH PRIORITY,29.0,100.0,A,,Risk,True,False,True,False,True,1.1607,13.24,1.2549,1.2635,bad entry; bad SL zone; overestimated confidence; Momentum disagreement,Risk was the weakest engine; SHORT entered away from recent range high; SHORT SL was inside recent resistance/high zone; very high confidence despite failed engine
BTC/USDT,SHORT,LOSS,-761.0,59032.6,59442.08331402172,58213.633371956545,59793.6,2026-07-01T03:01:58.877010,2026-07-01T14:12:54.424314,2026-07-01T03:01:58.873515+00:00,HIGH PRIORITY,30.0,100.0,A,,Structure,False,False,True,False,False,0.9075,70.14,1.2014,1.8032,bad SL zone,Structure was the weakest engine; SHORT SL was inside recent resistance/high zone
BTC/USDT,SHORT,LOSS,-730.0,60492.7,60994.629861761845,59488.840276476294,61222.7,2026-07-01T15:24:02.821700,2026-07-01T22:21:37.322014,2026-07-01T15:24:02.818010+00:00,SETUP,26.0,95.0,B,,Momentum,False,False,False,False,True,1.0039,98.09,1.6108,1.4066,overestimated confidence; Momentum disagreement,Momentum was the weakest engine; very high confidence despite failed engine
BNB/USDT,SHORT,LOSS,-4.9,563.3,567.4147183769353,555.0705632461293,568.2,2026-07-02T15:34:55.567557,2026-07-03T15:09:00.592930,2026-07-02T15:34:55.566671+00:00,SETUP,26.0,98.0,B,Momentum,Momentum,True,False,False,True,True,1.0106,80.48,1.2249,0.7989,bad entry; counter-trend trade; overestimated confidence; Momentum disagreement,Momentum was the weakest engine; SHORT entered while 1h EMA trend was bullish; 1h trend was bullish against SHORT; very high confidence despite failed engine
