timestamp,symbol,direction,signal,score,confidence,long_total,short_total,summary
2026-06-25T19:31:26.905727+00:00,SOL/USDT,SHORT,SETUP,26,70.3,11,26,SHORT wins by 15 points
2026-06-26T00:01:08.191221+00:00,ETH/USDT,SHORT,SETUP,26,74.3,9,26,SHORT wins by 17 points
2026-06-26T02:13:25.803873+00:00,BTC/USDT,SHORT,SETUP,26,74.3,9,26,SHORT wins by 17 points
2026-06-26T13:02:25.642167+00:00,BTC/USDT,SHORT,SETUP,26,86.7,4,26,SHORT wins by 22 points
2026-06-26T13:02:26.530593+00:00,ETH/USDT,SHORT,SETUP,26,74.3,9,26,SHORT wins by 17 points
2026-06-26T19:11:58.412944+00:00,BTC/USDT,SHORT,SETUP,26,89.7,B,3,26,SHORT wins by 23 points
2026-06-26T20:33:25.730924+00:00,ETH/USDT,SHORT,SETUP,26,81.2,B,6,26,SHORT wins by 20 points
2026-06-27T02:35:20.499124+00:00,ETH/USDT,SHORT,SETUP,25,80.6,B,6,25,SHORT wins by 19 points
2026-06-27T02:40:25.093108+00:00,BTC/USDT,SHORT,SETUP,25,80.6,B,6,25,SHORT wins by 19 points
