symbol,direction,entry,stop_loss,take_profit,status,result,opened_at,closed_at,exit_price,pnl
BTC/USDT,SHORT,60312.5,60698.35652886378,59540.78694227244,LOSS,LOSS,2026-06-27T14:26:20.413799,2026-06-27T15:12:28.886189,60889.5,-577.0
ETH/USDT,SHORT,1581.31,1592.6903647678707,1558.5492704642586,LOSS,LOSS,2026-06-27T14:26:22.415892,2026-06-27T14:23:27.983657,,
SOL/USDT,LONG,71.73,70.97062200275049,73.24875599449904,LOSS,LOSS,2026-06-27T14:26:24.618466,2026-06-27T21:54:53.708641,,
ETH/USDT,SHORT,1578.43,1590.0128843862904,1555.2642312274195,LOSS,LOSS,2026-06-27T19:27:10.038503,2026-06-28T08:41:08.075663,1583.41,-11.73
BTC/USDT,SHORT,60091.8,60411.71542295299,59451.969154094026,LOSS,LOSS,2026-06-27T22:05:01.578303,2026-06-28T08:41:08.075061,60496.0,-404.2
ETH/USDT,SHORT,1575.51,1586.3556646170232,1553.8186707659536,LOSS,LOSS,2026-06-28T01:30:16.583295,2026-06-28T08:41:08.075663,1583.41,-11.73
BTC/USDT,SHORT,60212.8,60508.386839020146,59621.626321959724,LOSS,LOSS,2026-06-28T04:08:12.162651,2026-06-28T08:41:08.075061,60496.0,-404.2
ETH/USDT,SHORT,1571.68,1581.4235907116517,1552.1928185766967,LOSS,LOSS,2026-06-28T07:31:57.404947,2026-06-28T08:41:08.075663,1583.41,-11.73
BTC/USDT,SHORT,60193.1,60480.81069014031,59617.67861971938,WIN,WIN,2026-06-28T10:09:24.348272,2026-06-28T18:01:09.997989,59592.4,600.7
ETH/USDT,SHORT,1584.09,1593.644230480394,1564.9815390392116,WIN,WIN,2026-06-28T15:35:30.025277,2026-06-28T19:51:31.262980,1559.61,24.48
ETH/USDT,SHORT,1573.33,1583.5940686292129,1552.8018627415743,LOSS,LOSS,2026-06-28T21:36:55.672192,2026-06-29T03:10:02.924045,1585.7,-12.37
BTC/USDT,SHORT,59297.0,59665.3513029234,58560.297394153204,LOSS,LOSS,2026-06-28T23:10:42.619477,2026-06-28T23:41:18.223858,59812.8,-515.8
ETH/USDT,SHORT,1579.36,1594.4596553116535,1549.1606893766927,LOSS,LOSS,2026-06-29T03:40:36.306185,2026-06-29T12:19:37.386264,1594.47,-15.11
BTC/USDT,SHORT,59947.2,60411.43073029587,59018.73853940825,LOSS,LOSS,2026-06-29T05:47:02.594428,2026-06-29T12:09:26.529917,60508.0,-560.8
ETH/USDT,SHORT,1580.49,1596.9392721366853,1547.5914557266294,LOSS,LOSS,2026-06-29T15:56:52.344739,2026-06-29T17:13:19.049773,1615.55,-35.06
BTC/USDT,SHORT,59297.2,59687.426385314146,58516.74722937171,WIN,WIN,2026-06-30T08:58:08.989095,2026-06-30T13:02:31.781824,58467.5,829.7
BTC/USDT,SHORT,58536.8,58968.40342098995,57673.593158020114,LOSS,LOSS,2026-06-30T14:59:39.773334,2026-07-01T01:45:47.918332,58975.8,-439.0
BTC/USDT,SHORT,59032.6,59442.08331402172,58213.633371956545,LOSS,LOSS,2026-07-01T03:01:58.877010,2026-07-01T14:12:54.424314,59793.6,-761.0
BTC/USDT,SHORT,60492.7,60994.629861761845,59488.840276476294,LOSS,LOSS,2026-07-01T15:24:02.821700,2026-07-01T22:21:37.322014,61222.7,-730.0
BNB/USDT,SHORT,563.3,567.4147183769353,555.0705632461293,LOSS,LOSS,2026-07-02T15:34:55.567557,2026-07-03T15:09:00.592930,568.2,-4.9
AVAX/USDT,SHORT,6.458,6.517189795062954,6.339620409874093,LOSS,LOSS,2026-07-08T22:19:51.014350,2026-07-09T07:06:47.618476,6.765,-0.31
XRP/USDT,SHORT,1.098,1.1060973403575145,1.081805319284971,LOSS,LOSS,2026-07-09T07:06:34.103329,2026-07-10T09:43:43.452410,1.1165,-0.02
DOGE/USDT,SHORT,0.07293,0.07347486129532246,0.07184027740935507,LOSS,LOSS,2026-07-09T07:06:42.601509,2026-07-09T21:06:38.382919,0.07357,-0.0
SOL/USDT,LONG,79.3,78.7818391224609,80.3363217550782,LOSS,LOSS,2026-07-10T09:43:35.516982,2026-07-10T14:25:09.698071,,
ADA/USDT,SHORT,0.1687,0.17022618227206632,0.16564763545586733,LOSS,LOSS,2026-07-10T09:43:39.768892,2026-07-11T18:23:55.146447,0.1712,-0.0
SOL/USDT,LONG,78.19,77.57212138578095,79.42575722843809,LOSS,LOSS,2026-07-10T15:46:03.005194,2026-07-12T00:11:38.152420,,
XRP/USDT,SHORT,1.1008,1.1054086430353045,1.0915827139293912,WIN,WIN,2026-07-12T19:15:18.235804,2026-07-12T22:04:24.641680,1.0889,0.01
AVAX/USDT,SHORT,6.459,6.508793691864534,6.359412616270929,LOSS,LOSS,2026-07-12T19:15:22.757539,2026-07-13T11:44:02.431891,6.632,-0.17
DOGE/USDT,SHORT,0.07367,0.0740474514174744,0.0729150971650512,WIN,WIN,2026-07-12T19:15:25.356153,2026-07-12T22:04:24.977645,0.07265,0.0
SOL/USDT,SHORT,75.57,76.09951263652991,74.51097472694018,LOSS,LOSS,2026-07-13T13:21:31.801087,2026-07-13T15:27:36.711691,76.17,-0.6
SOL/USDT,SHORT,74.86,75.44074225293379,73.69851549413242,OPEN,,2026-07-13T19:26:25.258765,,,
DOGE/USDT,SHORT,0.07225,0.07269657341796176,0.07135685316407646,OPEN,,2026-07-14T07:19:54.378300,,,
BNB/USDT,SHORT,570.3,572.7278171855339,565.4443656289321,OPEN,,2026-07-14T07:53:03.369447,,,
ADA/USDT,SHORT,0.1588,0.1601082054641519,0.15618358907169624,OPEN,,2026-07-14T07:53:10.933244,,,
